parameter,index,1,2,3,4,5,6,7,8,9,10,11,12,13,14,15,16,17,18,19,20,21,22,23,24,0,25,26,27,28,29,30,31,32,33,34
Average_CarbonPrice,value,0.01389263157978251,0.03064918154757097,0.1572268647477417,0.03064918154763219,0.08905369883596537,0.0,0.03915578947340869,0.03915578947342414,0.03915578947418527,0.0391557894734711,0.01644673792855755,0.03896919156810048,0.0,0.01644673792848028,0.06441894736854928,0.03027738264583713,0.03027738264580382,0.01644673792856954,0.03896919156819776,0.124832353244543,0.03915578947359721,0.1572268647476809,0.1572268647476436,0.1830512091038198,,,,,,,,,,,
Average_CarbonSE,value,15.32426346282751,15.02450008746255,12.50751214815315,22.83770672807978,20.82741078855937,17.14509558069285,22.96982068599043,19.29290972920658,17.53217574711364,13.69640993755321,19.49609065433796,13.86221056439307,14.33507890451457,8.154009372761806,19.56008399613086,10.46733813583449,15.14682480062702,12.85285047541808,16.19186403999195,27.79720998337598,16.69321517222657,12.61663579999273,14.91312099784166,29.36278077749643,,,,,,,,,,,
Average_DSO_Carbon_Emission,value,,,,,,,,,,,,,,,,,,,,,,,,,256.85614998476274,,,,,,,,,,
Average_DSO_Carbon_Market,value,,,,,,,,,,,,,,,,,,,,,,,,,-25.77205665119294,,,,,,,,,,
Average_DSO_Energy_Market,value,,,,,,,,,,,,,,,,,,,,,,,,,1266.6190626734224,,,,,,,,,,
Average_EnergyPrice,value,256.4268508212757,260.9822864955436,295.3936954503188,260.9822864955354,276.8601385655437,283.1300000000005,297.8948929262622,297.8948929262701,297.8948929263558,297.8948929262809,310.7882569111787,314.4895969422978,311.45,310.7882569111595,339.3629350316117,313.8116358463758,313.8116358463728,310.78825691118,314.4895969423179,321.1869235530758,297.8948929263099,295.3936954503259,295.3936954502954,297.4079943100979,,,,,,,,,,,
Average_GenCosts_dist,value,,,,,,,,,,,,,,,,,,,,,,,,,1281.6308572824726,,,,,,,,,,
Average_GenCosts_trans,value,,,,,,,,,,,,,,,,,,,,,,,,,6224.1995365709745,,,,,,,,,,
Average_Generation_dist,value,1.5085093931371911,1.3022647089918171,1.017551767420833,1.7999979937000905,0.8999941338423179,,,,,,,,,,,,,,,,,,,,,,,,,,,,,,
Average_Generation_trans,value,5.859471387611764,11.127536000608755,3.0916497720394114,3.311546489393633,5.155664988479988,,,,,,,,,,,,,,,,,,,,,,,,,,,,,,
Average_ISO_Carbon_Emission,value,,,,,,,,,,,,,,,,,,,,,,,,,5206.7420494293965,,,,,,,,,,
Average_ISO_Carbon_Market,value,,,,,,,,,,,,,,,,,,,,,,,,,25.77205665119294,,,,,,,,,,
Average_ISO_Energy_Market,value,,,,,,,,,,,,,,,,,,,,,,,,,-1266.6190626734224,,,,,,,,,,
Average_PDSO,value,-0.1836412567507927,-0.1482168516344667,-0.1123998145614771,-0.1936029607242705,-0.1972388852108812,-0.1876677359050044,-0.1886699360384645,-0.2107435879664225,-0.2096349323466169,-0.1897689394984466,-0.1923644029953919,-0.1385327132634555,-0.1729478001987444,-0.1472090404650677,-0.1687599851086444,-0.1505325769655582,-0.1848334384981375,-0.175637484559174,-0.1516919580233432,-0.2107181131699176,-0.196459121373171,-0.171779869969461,-0.167445731248247,-0.1924335336979469,,,,,,,,,,,
Average_Renewable_dist,value,0,0,0,,,,,,,,,,,,,,,,,,,,,,,,,,,,,,,,
Average_Renewable_trans,value,0,0,0,,,,,,,,,,,,,,,,,,,,,,,,,,,,,,,,
Carbon_Cost_d,value,33.19,41.17,35.94,44.690000000000005,40.18,,,,,,,,,,,,,,,,,,,,,,,,,,,,,,
Carbon_Cost_t,value,271.86,218.6,164.34,81.86,78.0,,,,,,,,,,,,,,,,,,,,,,,,,,,,,,
Carbon_Limit_Dist,value,11.471296853235556,11.471296853235556,11.172370550871111,10.941948192798518,10.991769243192596,11.55848369142519,12.729278375685928,14.255048044004448,15.63758219244,16.671368988117038,17.368863693634083,17.97917156096148,18.489837327500737,18.931999149748155,19.04409651313482,18.956909674945184,18.552113640493342,17.929350510567406,17.157124229459264,16.32884926665778,15.42584272826519,14.58511250286519,13.72569938356741,12.872513895568897,,,,,,,,,,,
Carbon_Limit_Trans,value,138.90405880000003,158.0883965555556,176.80691214814817,166.8619514851852,194.53213048148152,210.1423106851852,220.6952377740741,237.17027162592595,243.38865498518524,236.9904505703704,266.38177395555556,261.19265206666665,299.56989048518517,286.06961066666673,309.7648880444445,287.55441881111113,297.75112895185197,286.73580486296294,265.326823762963,255.02564615185184,234.98501765555557,204.10203580000004,198.18677936296302,179.12232231111116,,,,,,,,,,,
Dist_Inst_Cap,value,0.0,0.36364,0.36364,0.36364,0.36364,0.36364,0.36364,0.36364,0.36364,0.36364,0.36364,0.36364,0.36364,0.36364,0.36364,0.36364,0.36364,0.36364,0.36364,0.36364,0.36364,0.36364,0.36364,0.36364,,0.36364,0.36364,0.36364,0.36364,0.36364,0.36364,0.36364,0.36364,0.36364,0.36364
Dist_Load,1,0.0,0.0,0.0,0.0,0.0,0.0,0.0,0.0,0.0,0.0,0.0,0.0,0.0,0.0,0.0,0.0,0.0,0.0,0.0,0.0,0.0,0.0,0.0,0.0,,,,,,,,,,,
Dist_Load,2,0.000836372,0.000836372,0.0008000080000000001,0.000836372,0.0009091,0.00109092,0.0014181960000000003,0.0018545640000000002,0.0022909320000000003,0.0027273,0.003054576,0.003345488,0.0035273080000000003,0.0036364,0.0036364,0.003490944,0.0032000320000000002,0.002800028,0.0024363880000000003,0.002109112,0.0018182,0.0016000160000000001,0.0013818320000000002,0.001163648,,,,,,,,,,,
Dist_Load,3,0.0013091040000000002,0.0013091040000000002,0.0013091040000000002,0.0013454679999999998,0.0014909239999999998,0.001745472,0.002109112,0.002509116,0.00290912,0.0032000320000000002,0.003418216,0.0035273080000000003,0.0036000360000000005,0.0036000360000000005,0.003490944,0.0033091240000000005,0.003018212,0.002654572,0.002327296,0.0020363840000000005,0.0018182,0.00163638,0.001527288,0.0014181960000000003,,,,,,,,,,,
Dist_Load,4,0.00327276,0.00327276,0.0032000320000000002,0.003127304,0.0030909400000000004,0.0030909400000000004,0.0030909400000000004,0.003127304,0.003163668,0.0032000320000000002,0.0032363960000000003,0.00327276,0.003345488,0.0033818520000000003,0.003418216,0.003490944,0.0035273080000000003,0.0036000360000000005,0.0036364,0.0036364,0.0036000360000000005,0.003563672,0.003490944,0.003418216,,,,,,,,,,,
Dist_Load,5,0.002581844,0.002581844,0.002581844,0.002509116,0.002509116,0.002654572,0.0029818479999999996,0.003345488,0.003563672,0.0036364,0.0036364,0.0036364,0.0036364,0.0036364,0.003563672,0.003418216,0.00327276,0.003127304,0.003018212,0.0029818479999999996,0.0029454840000000004,0.00290912,0.0028363920000000005,0.0027273,,,,,,,,,,,
Dist_Load,6,0.0029454840000000004,0.0029454840000000004,0.00290912,0.0028363920000000005,0.0028363920000000005,0.00290912,0.0030909400000000004,0.0033091240000000005,0.0035273080000000003,0.0036000360000000005,0.0036000360000000005,0.0036000360000000005,0.0036364,0.0036364,0.0036000360000000005,0.0035273080000000003,0.003418216,0.0033091240000000005,0.00327276,0.0032363960000000003,0.0032000320000000002,0.0032000320000000002,0.003163668,0.003054576,,,,,,,,,,,
Dist_Load,7,0.000836372,0.000836372,0.0008000080000000001,0.000836372,0.0009091,0.00109092,0.0014181960000000003,0.0018545640000000002,0.0022909320000000003,0.0027273,0.003054576,0.003345488,0.0035273080000000003,0.0036364,0.0036364,0.003490944,0.0032000320000000002,0.002800028,0.0024363880000000003,0.002109112,0.0018182,0.0016000160000000001,0.0013818320000000002,0.001163648,,,,,,,,,,,
Dist_Load,8,0.001745472,0.001745472,0.001672744,0.00163638,0.00163638,0.001709108,0.001890928,0.00218184,0.0024727520000000004,0.002654572,0.0027273,0.0027636640000000003,0.0027636640000000003,0.0028363920000000005,0.002872756,0.0029818479999999996,0.0030909400000000004,0.003163668,0.0030909400000000004,0.00290912,0.002654572,0.002400024,0.00218184,0.0020363840000000005,,,,,,,,,,,
Dist_Load,9,0.001745472,0.001745472,0.001672744,0.00163638,0.00163638,0.001709108,0.001890928,0.00218184,0.0024727520000000004,0.002654572,0.0027273,0.0027636640000000003,0.0027636640000000003,0.0028363920000000005,0.002872756,0.0029818479999999996,0.0030909400000000004,0.003163668,0.0030909400000000004,0.00290912,0.002654572,0.002400024,0.00218184,0.0020363840000000005,,,,,,,,,,,
Dist_Load,10,0.0013091040000000002,0.0013091040000000002,0.001127284,0.0009818280000000001,0.000872736,0.0008000080000000001,0.0008000080000000001,0.000836372,0.0009091,0.00109092,0.0013454679999999998,0.001709108,0.002109112,0.00254548,0.0029454840000000004,0.00327276,0.0035273080000000003,0.0036364,0.003563672,0.0033818520000000003,0.0030909400000000004,0.0027273,0.00236366,0.00200002,,,,,,,,,,,
Dist_Load,11,0.0027636640000000003,0.0027636640000000003,0.0027273,0.0026909359999999997,0.002654572,0.002800028,0.003054576,0.003345488,0.0035273080000000003,0.0036000360000000005,0.0036364,0.0036364,0.0036364,0.0036364,0.003563672,0.003490944,0.003345488,0.0032363960000000003,0.003127304,0.0030909400000000004,0.0030909400000000004,0.003054576,0.0029818479999999996,0.00290912,,,,,,,,,,,
Dist_Load,12,0.002581844,0.002581844,0.002581844,0.002509116,0.002509116,0.002654572,0.0029818479999999996,0.003345488,0.003563672,0.0036364,0.0036364,0.0036364,0.0036364,0.0036364,0.003563672,0.003418216,0.00327276,0.003127304,0.003018212,0.0029818479999999996,0.0029454840000000004,0.00290912,0.0028363920000000005,0.0027273,,,,,,,,,,,
Dist_Load,13,0.00327276,0.00327276,0.0032000320000000002,0.003127304,0.0030909400000000004,0.0030909400000000004,0.0030909400000000004,0.003127304,0.003163668,0.0032000320000000002,0.0032363960000000003,0.00327276,0.003345488,0.0033818520000000003,0.003418216,0.003490944,0.0035273080000000003,0.0036000360000000005,0.0036364,0.0036364,0.0036000360000000005,0.003563672,0.003490944,0.003418216,,,,,,,,,,,
Dist_Load,14,0.000836372,0.000836372,0.0008000080000000001,0.000836372,0.0009091,0.00109092,0.0014181960000000003,0.0018545640000000002,0.0022909320000000003,0.0027273,0.003054576,0.003345488,0.0035273080000000003,0.0036364,0.0036364,0.003490944,0.0032000320000000002,0.002800028,0.0024363880000000003,0.002109112,0.0018182,0.0016000160000000001,0.0013818320000000002,0.001163648,,,,,,,,,,,
Dist_Load,15,0.0013091040000000002,0.0013091040000000002,0.0013091040000000002,0.0013454679999999998,0.0014909239999999998,0.001745472,0.002109112,0.002509116,0.00290912,0.0032000320000000002,0.003418216,0.0035273080000000003,0.0036000360000000005,0.0036000360000000005,0.003490944,0.0033091240000000005,0.003018212,0.002654572,0.002327296,0.0020363840000000005,0.0018182,0.00163638,0.001527288,0.0014181960000000003,,,,,,,,,,,
Dist_Load,16,0.00327276,0.00327276,0.0032000320000000002,0.003127304,0.0030909400000000004,0.0030909400000000004,0.0030909400000000004,0.003127304,0.003163668,0.0032000320000000002,0.0032363960000000003,0.00327276,0.003345488,0.0033818520000000003,0.003418216,0.003490944,0.0035273080000000003,0.0036000360000000005,0.0036364,0.0036364,0.0036000360000000005,0.003563672,0.003490944,0.003418216,,,,,,,,,,,
Dist_Load,17,0.002581844,0.002581844,0.002581844,0.002509116,0.002509116,0.002654572,0.0029818479999999996,0.003345488,0.003563672,0.0036364,0.0036364,0.0036364,0.0036364,0.0036364,0.003563672,0.003418216,0.00327276,0.003127304,0.003018212,0.0029818479999999996,0.0029454840000000004,0.00290912,0.0028363920000000005,0.0027273,,,,,,,,,,,
Dist_Load,18,0.0029454840000000004,0.0029454840000000004,0.00290912,0.0028363920000000005,0.0028363920000000005,0.00290912,0.0030909400000000004,0.0033091240000000005,0.0035273080000000003,0.0036000360000000005,0.0036000360000000005,0.0036000360000000005,0.0036364,0.0036364,0.0036000360000000005,0.0035273080000000003,0.003418216,0.0033091240000000005,0.00327276,0.0032363960000000003,0.0032000320000000002,0.0032000320000000002,0.003163668,0.003054576,,,,,,,,,,,
Dist_Load,19,0.000836372,0.000836372,0.0008000080000000001,0.000836372,0.0009091,0.00109092,0.0014181960000000003,0.0018545640000000002,0.0022909320000000003,0.0027273,0.003054576,0.003345488,0.0035273080000000003,0.0036364,0.0036364,0.003490944,0.0032000320000000002,0.002800028,0.0024363880000000003,0.002109112,0.0018182,0.0016000160000000001,0.0013818320000000002,0.001163648,,,,,,,,,,,
Dist_Load,20,0.001745472,0.001745472,0.001672744,0.00163638,0.00163638,0.001709108,0.001890928,0.00218184,0.0024727520000000004,0.002654572,0.0027273,0.0027636640000000003,0.0027636640000000003,0.0028363920000000005,0.002872756,0.0029818479999999996,0.0030909400000000004,0.003163668,0.0030909400000000004,0.00290912,0.002654572,0.002400024,0.00218184,0.0020363840000000005,,,,,,,,,,,
Dist_Load,21,0.001745472,0.001745472,0.001672744,0.00163638,0.00163638,0.001709108,0.001890928,0.00218184,0.0024727520000000004,0.002654572,0.0027273,0.0027636640000000003,0.0027636640000000003,0.0028363920000000005,0.002872756,0.0029818479999999996,0.0030909400000000004,0.003163668,0.0030909400000000004,0.00290912,0.002654572,0.002400024,0.00218184,0.0020363840000000005,,,,,,,,,,,
Dist_Load,22,0.0013091040000000002,0.0013091040000000002,0.001127284,0.0009818280000000001,0.000872736,0.0008000080000000001,0.0008000080000000001,0.000836372,0.0009091,0.00109092,0.0013454679999999998,0.001709108,0.002109112,0.00254548,0.0029454840000000004,0.00327276,0.0035273080000000003,0.0036364,0.003563672,0.0033818520000000003,0.0030909400000000004,0.0027273,0.00236366,0.00200002,,,,,,,,,,,
Dist_Load,23,0.0027636640000000003,0.0027636640000000003,0.0027273,0.0026909359999999997,0.002654572,0.002800028,0.003054576,0.003345488,0.0035273080000000003,0.0036000360000000005,0.0036364,0.0036364,0.0036364,0.0036364,0.003563672,0.003490944,0.003345488,0.0032363960000000003,0.003127304,0.0030909400000000004,0.0030909400000000004,0.003054576,0.0029818479999999996,0.00290912,,,,,,,,,,,
Dist_Load,24,0.002581844,0.002581844,0.002581844,0.002509116,0.002509116,0.002654572,0.0029818479999999996,0.003345488,0.003563672,0.0036364,0.0036364,0.0036364,0.0036364,0.0036364,0.003563672,0.003418216,0.00327276,0.003127304,0.003018212,0.0029818479999999996,0.0029454840000000004,0.00290912,0.0028363920000000005,0.0027273,,,,,,,,,,,
Dist_Load,25,0.00327276,0.00327276,0.0032000320000000002,0.003127304,0.0030909400000000004,0.0030909400000000004,0.0030909400000000004,0.003127304,0.003163668,0.0032000320000000002,0.0032363960000000003,0.00327276,0.003345488,0.0033818520000000003,0.003418216,0.003490944,0.0035273080000000003,0.0036000360000000005,0.0036364,0.0036364,0.0036000360000000005,0.003563672,0.003490944,0.003418216,,,,,,,,,,,
Dist_Load,26,0.000836372,0.000836372,0.0008000080000000001,0.000836372,0.0009091,0.00109092,0.0014181960000000003,0.0018545640000000002,0.0022909320000000003,0.0027273,0.003054576,0.003345488,0.0035273080000000003,0.0036364,0.0036364,0.003490944,0.0032000320000000002,0.002800028,0.0024363880000000003,0.002109112,0.0018182,0.0016000160000000001,0.0013818320000000002,0.001163648,,,,,,,,,,,
Dist_Load,27,0.0013091040000000002,0.0013091040000000002,0.0013091040000000002,0.0013454679999999998,0.0014909239999999998,0.001745472,0.002109112,0.002509116,0.00290912,0.0032000320000000002,0.003418216,0.0035273080000000003,0.0036000360000000005,0.0036000360000000005,0.003490944,0.0033091240000000005,0.003018212,0.002654572,0.002327296,0.0020363840000000005,0.0018182,0.00163638,0.001527288,0.0014181960000000003,,,,,,,,,,,
Dist_Load,28,0.00327276,0.00327276,0.0032000320000000002,0.003127304,0.0030909400000000004,0.0030909400000000004,0.0030909400000000004,0.003127304,0.003163668,0.0032000320000000002,0.0032363960000000003,0.00327276,0.003345488,0.0033818520000000003,0.003418216,0.003490944,0.0035273080000000003,0.0036000360000000005,0.0036364,0.0036364,0.0036000360000000005,0.003563672,0.003490944,0.003418216,,,,,,,,,,,
Dist_Load,29,0.002581844,0.002581844,0.002581844,0.002509116,0.002509116,0.002654572,0.0029818479999999996,0.003345488,0.003563672,0.0036364,0.0036364,0.0036364,0.0036364,0.0036364,0.003563672,0.003418216,0.00327276,0.003127304,0.003018212,0.0029818479999999996,0.0029454840000000004,0.00290912,0.0028363920000000005,0.0027273,,,,,,,,,,,
Dist_Load,30,0.0029454840000000004,0.0029454840000000004,0.00290912,0.0028363920000000005,0.0028363920000000005,0.00290912,0.0030909400000000004,0.0033091240000000005,0.0035273080000000003,0.0036000360000000005,0.0036000360000000005,0.0036000360000000005,0.0036364,0.0036364,0.0036000360000000005,0.0035273080000000003,0.003418216,0.0033091240000000005,0.00327276,0.0032363960000000003,0.0032000320000000002,0.0032000320000000002,0.003163668,0.003054576,,,,,,,,,,,
Dist_Load,31,0.000836372,0.000836372,0.0008000080000000001,0.000836372,0.0009091,0.00109092,0.0014181960000000003,0.0018545640000000002,0.0022909320000000003,0.0027273,0.003054576,0.003345488,0.0035273080000000003,0.0036364,0.0036364,0.003490944,0.0032000320000000002,0.002800028,0.0024363880000000003,0.002109112,0.0018182,0.0016000160000000001,0.0013818320000000002,0.001163648,,,,,,,,,,,
Dist_Load,32,0.001745472,0.001745472,0.001672744,0.00163638,0.00163638,0.001709108,0.001890928,0.00218184,0.0024727520000000004,0.002654572,0.0027273,0.0027636640000000003,0.0027636640000000003,0.0028363920000000005,0.002872756,0.0029818479999999996,0.0030909400000000004,0.003163668,0.0030909400000000004,0.00290912,0.002654572,0.002400024,0.00218184,0.0020363840000000005,,,,,,,,,,,
Dist_Load,33,0.001745472,0.001745472,0.001672744,0.00163638,0.00163638,0.001709108,0.001890928,0.00218184,0.0024727520000000004,0.002654572,0.0027273,0.0027636640000000003,0.0027636640000000003,0.0028363920000000005,0.002872756,0.0029818479999999996,0.0030909400000000004,0.003163668,0.0030909400000000004,0.00290912,0.002654572,0.002400024,0.00218184,0.0020363840000000005,,,,,,,,,,,
Dist_Load,34,0.0013091040000000002,0.0013091040000000002,0.001127284,0.0009818280000000001,0.000872736,0.0008000080000000001,0.0008000080000000001,0.000836372,0.0009091,0.00109092,0.0013454679999999998,0.001709108,0.002109112,0.00254548,0.0029454840000000004,0.00327276,0.0035273080000000003,0.0036364,0.003563672,0.0033818520000000003,0.0030909400000000004,0.0027273,0.00236366,0.00200002,,,,,,,,,,,
Dist_P_ESS_max,value,0.01,0.01,,,,,,,,,,,,,,,,,,,,,,,,,,,,,,,,,
Dist_P_ESS_min,value,-0.01,-0.01,,,,,,,,,,,,,,,,,,,,,,,,,,,,,,,,,
Dist_SOC_initial,value,0.05,0.05,,,,,,,,,,,,,,,,,,,,,,,,,,,,,,,,,
Dist_SOC_max,value,0.05,0.05,,,,,,,,,,,,,,,,,,,,,,,,,,,,,,,,,
Dist_SOC_min,value,0.01,0.01,,,,,,,,,,,,,,,,,,,,,,,,,,,,,,,,,
Dist_Shift_Max,value,0.2,0.2,0.2,0.15,0.15,0.15,0.1,0.1,,,,,,,,,,,,,,,,,,,,,,,,,,,
Dist_Shift_Min,value,-0.2,-0.2,-0.2,-0.15,-0.15,-0.15,-0.1,-0.1,,,,,,,,,,,,,,,,,,,,,,,,,,,
Dist_Solar_Inj,1,0,0,0,0,0,0,0,0,0,0,0,0,0,0,0,0,0,0,0,0,0,0,0,0,,,,,,,,,,,
Dist_Solar_Inj,2,0,0,0,0,0,0,0,0,0,0,0,0,0,0,0,0,0,0,0,0,0,0,0,0,,,,,,,,,,,
Dist_Solar_Inj,3,0,0,0,0,0,0,0,0,0,0,0,0,0,0,0,0,0,0,0,0,0,0,0,0,,,,,,,,,,,
Dist_Status,1,,1.0,,,,,,,,,,,,,,,,,,,,,,,,,,,,,,,,,
Dist_Status,2,,,1.0,,,,,,,,,,,,,,,,,,,,,,,,,,,,,,,,
Dist_Status,3,,,,1.0,,,,,,,,,,,,,,,,,,,,,,,,,,,,,,,
Dist_Status,4,,,,,1.0,1.0,,,,,,,,,,,,,,,,,,,,,,,,,,,,,
Dist_Status,6,,,,,,,1.0,,,,,,,,,,,,,,,,,,,,,,,,,,,,
Dist_Status,7,,,,,,,,1.0,,,,,,,,,,,,,,,,,,,,,,,,,,,
Dist_Status,8,,,,,,,,,1.0,,,,,,,,,,,,,,,,,,,,,,,,,,
Dist_Status,9,,,,,,,,,,1.0,1.0,,,,,,,,,,,,,,,,,,,,,,,,
Dist_Status,10,,,,,,,,,,,,1.0,,,,,,,,,,,,,,,,,,,,,,,
Dist_Status,11,,,,,,,,,,,,,1.0,1.0,,,,,,,,,,,,,,,,,,,,,
Dist_Status,12,,,,,,,,,,,,,,,1.0,,,,,,,,,,,,,,,,,,,,
Dist_Status,13,,,,,,,,,,,,,,,,1.0,,,,,,,,,,,,,,,,,,,
Dist_Status,16,,,,,,,,,,,,,,,,,1.0,,,,,,,,,,,,,,,,,,
Dist_Status,17,,,,,,,,,,,,,,,,,,1.0,1.0,,,,,,,,,,,,,,,,
Dist_Status,18,,,,,,,,,,,,,,,,,,,,1.0,,,,,,,,,,,,,,,
Dist_Status,20,,,,,,,,,,,,,,,,,,,,,1.0,1.0,,,,,,,,,,,,,
Dist_Status,21,,,,,,,,,,,,,,,,,,,,,,,1.0,,,,,,,,,,,,
Dist_Status,22,,,,,,,,,,,,,,,,,,,,,,,,1.0,,1.0,,,,,,,,,
Dist_Status,24,,,,,,,,,,,,,,,,,,,,,,,,,,,1.0,1.0,,,,,,,
Dist_Status,26,,,,,,,,,,,,,,,,,,,,,,,,,,,,,1.0,,,,,,
Dist_Status,27,,,,,,,,,,,,,,,,,,,,,,,,,,,,,,1.0,,,,,
Dist_Status,28,,,,,,,,,,,,,,,,,,,,,,,,,,,,,,,1.0,1.0,,,
Dist_Status,29,,,,,,,,,,,,,,,,,,,,,,,,,,,,,,,,,1.0,,
Dist_Status,30,,,,,,,,,,,,,,,,,,,,,,,,,,,,,,,,,,1.0,
Dist_Status,32,,,,,,,,,,,,,,,,,,,,,,,,,,,,,,,,,,,1.0
Dist_Type,value,RES1,OFF1,OFF4,RES1,IND1,IND2,OFF1,RES5,RES5,RES4,IND3,IND1,RES1,OFF1,OFF4,RES1,IND1,IND2,OFF1,RES5,RES5,RES4,IND3,IND1,,RES1,OFF1,OFF4,RES1,IND1,IND2,OFF1,RES5,RES5,RES4
Dist_Wind_Inj,1,0,0,0,0,0,0,0,0,0,0,0,0,0,0,0,0,0,0,0,0,0,0,0,0,,,,,,,,,,,
Dist_Wind_Inj,2,0,0,0,0,0,0,0,0,0,0,0,0,0,0,0,0,0,0,0,0,0,0,0,0,,,,,,,,,,,
Dist_Wind_Inj,3,0,0,0,0,0,0,0,0,0,0,0,0,0,0,0,0,0,0,0,0,0,0,0,0,,,,,,,,,,,
ESS_Node,value,9,22,,,,,,,,,,,,,,,,,,,,,,,,,,,,,,,,,
Emission_Weighted_Average,value,,,,,,,,,,,,,,,,,,,,,,,,,171.25814814814817,,,,,,,,,,
From,value,1,1,2,2,2,3,4,4,4,5,6,6,6,7,7,9,9,10,12,13,,,,,,,,,,,,,,,
G_LDA,value,1,1,1,1,1,,,,,,,,,,,,,,,,,,,,,,,,,,,,,,
G_LDA_Node,value,19,24,5,15,34,,,,,,,,,,,,,,,,,,,,,,,,,,,,,,
G_Node,value,1,2,3,6,8,,,,,,,,,,,,,,,,,,,,,,,,,,,,,,
G_Owner_d,value,5,5,5,5,5,,,,,,,,,,,,,,,,,,,,,,,,,,,,,,
G_Owner_t,value,1,2,3,4,3,,,,,,,,,,,,,,,,,,,,,,,,,,,,,,
IBASE,value,,,,,,,,,,,,,,,,,,,,,,,,,4016.0642570281125,,,,,,,,,,
Imax,1,,0.21165,,,,,,,,,,,,,,,,,,,,,,,,,,,,,,,,,
Imax,2,,,0.21165,,,,,,,,,,,,,,,,,,,,,,,,,,,,,,,,
Imax,3,,,,0.21165,,,,,,,,,,,,,,,,,,,,,,,,,,,,,,,
Imax,4,,,,,0.1245,0.21165,,,,,,,,,,,,,,,,,,,,,,,,,,,,,
Imax,6,,,,,,,0.21165,,,,,,,,,,,,,,,,,,,,,,,,,,,,
Imax,7,,,,,,,,0.21165,,,,,,,,,,,,,,,,,,,,,,,,,,,
Imax,8,,,,,,,,,0.21165,,,,,,,,,,,,,,,,,,,,,,,,,,
Imax,9,,,,,,,,,,0.1245,0.21165,,,,,,,,,,,,,,,,,,,,,,,,
Imax,10,,,,,,,,,,,,0.1245,,,,,,,,,,,,,,,,,,,,,,,
Imax,11,,,,,,,,,,,,,0.21165,0.0249,,,,,,,,,,,,,,,,,,,,,
Imax,12,,,,,,,,,,,,,,,0.1245,,,,,,,,,,,,,,,,,,,,
Imax,13,,,,,,,,,,,,,,,,0.21165,,,,,,,,,,,,,,,,,,,
Imax,16,,,,,,,,,,,,,,,,,0.21165,,,,,,,,,,,,,,,,,,
Imax,17,,,,,,,,,,,,,,,,,,0.21165,0.21165,,,,,,,,,,,,,,,,
Imax,18,,,,,,,,,,,,,,,,,,,,0.21165,,,,,,,,,,,,,,,
Imax,20,,,,,,,,,,,,,,,,,,,,,0.0747,0.21165,,,,,,,,,,,,,
Imax,21,,,,,,,,,,,,,,,,,,,,,,,0.03735,,,,,,,,,,,,
Imax,22,,,,,,,,,,,,,,,,,,,,,,,,0.21165,,0.03735,,,,,,,,,
Imax,24,,,,,,,,,,,,,,,,,,,,,,,,,,,0.21165,0.1245,,,,,,,
Imax,26,,,,,,,,,,,,,,,,,,,,,,,,,,,,,0.21165,,,,,,
Imax,27,,,,,,,,,,,,,,,,,,,,,,,,,,,,,,0.1245,,,,,
Imax,28,,,,,,,,,,,,,,,,,,,,,,,,,,,,,,,0.06225,0.0249,,,
Imax,29,,,,,,,,,,,,,,,,,,,,,,,,,,,,,,,,,0.1245,,
Imax,30,,,,,,,,,,,,,,,,,,,,,,,,,,,,,,,,,,0.0249,
Imax,32,,,,,,,,,,,,,,,,,,,,,,,,,,,,,,,,,,,0.1245
L2,value,0.44,0.45,0.54,0.6,0.65,0.7,0.75,0.78,0.8,0.85,0.9,0.95,1.0,0.95,0.9,0.8,0.75,0.7,0.65,0.6,0.55,0.5,0.48,0.45,,,,,,,,,,,
L3,value,0.32,0.33,0.4,0.44,0.48,0.51,0.55,0.57,0.59,0.62,0.66,0.7,0.73,0.7,0.66,0.59,0.55,0.51,0.48,0.44,0.4,0.37,0.35,0.33,,,,,,,,,,,
L4,value,0.06,0.13,0.16,0.15,0.21,0.25,0.26,0.31,0.34,0.33,0.42,0.41,0.53,0.51,0.66,0.55,0.56,0.55,0.47,0.41,0.34,0.26,0.24,0.21,,,,,,,,,,,
L6,value,0.56,0.6,0.65,0.58,0.67,0.71,0.75,0.79,0.79,0.75,0.81,0.76,0.84,0.79,0.78,0.8,0.87,0.83,0.8,0.82,0.79,0.7,0.7,0.63,,,,,,,,,,,
L8,value,0.85,0.8,0.78,0.75,0.7,0.65,0.6,0.55,0.5,0.44,0.45,0.54,0.6,0.65,0.7,0.75,0.78,0.8,0.85,0.9,0.95,1.0,0.95,0.9,,,,,,,,,,,
LS_Node,value,5,15,19,9,24,34,22,26,,,,,,,,,,,,,,,,,,,,,,,,,,,
M,value,,,,,,,,,,,,,,,,,,,,,,,,,10.0,,,,,,,,,,
OF_DSO,value,,,,,,,,,,,,,,,,,,,,,,,,,40.783851260245065,,,,,,,,,,
OF_ISO,value,,,,,,,,,,,,,,,,,,,,,,,,,7465.046542593199,,,,,,,,,,
PCC,value,5,,,,,,,,,,,,,,,,,,,,,,,,,,,,,,,,,,
PWmax_g,value,,,,,,,,,,,,,,,,,,,,,,,,,5.0,,,,,,,,,,
P_block_d,1,0.014000000000000002,0.014000000000000002,0.014000000000000002,0.014000000000000002,0.014000000000000002,,,,,,,,,,,,,,,,,,,,,,,,,,,,,,
P_block_d,2,0.011,0.011,0.011,0.011,0.011,,,,,,,,,,,,,,,,,,,,,,,,,,,,,,
P_block_d,3,0.013000000000000001,0.013000000000000001,0.013000000000000001,0.013000000000000001,0.013000000000000001,,,,,,,,,,,,,,,,,,,,,,,,,,,,,,
P_block_d,4,0.015,0.015,0.015,0.015,0.015,,,,,,,,,,,,,,,,,,,,,,,,,,,,,,
P_block_d,5,0.02,0.02,0.02,0.02,0.02,,,,,,,,,,,,,,,,,,,,,,,,,,,,,,
P_block_t,1,0.1,0.1,0.1,0.1,0.1,,,,,,,,,,,,,,,,,,,,,,,,,,,,,,
P_block_t,2,0.15,0.15,0.15,0.15,0.15,,,,,,,,,,,,,,,,,,,,,,,,,,,,,,
P_block_t,3,0.11000000000000001,0.11000000000000001,0.11000000000000001,0.11000000000000001,0.11000000000000001,,,,,,,,,,,,,,,,,,,,,,,,,,,,,,
P_block_t,4,0.1,0.1,0.1,0.1,0.1,,,,,,,,,,,,,,,,,,,,,,,,,,,,,,
P_block_t,5,0.08,0.08,0.08,0.08,0.08,,,,,,,,,,,,,,,,,,,,,,,,,,,,,,
Pmax_d,value,0.07,0.055,0.065,0.075,0.1,,,,,,,,,,,,,,,,,,,,,,,,,,,,,,
Pmax_t,value,0.5,0.75,0.55,0.5,0.4,,,,,,,,,,,,,,,,,,,,,,,,,,,,,,
Pmin_d,value,0,0,0,0,0,,,,,,,,,,,,,,,,,,,,,,,,,,,,,,
Pmin_t,value,0,0,0,0,0,,,,,,,,,,,,,,,,,,,,,,,,,,,,,,
Price_block_d,1,196.228,207.456,218.684,229.912,241.14,,,,,,,,,,,,,,,,,,,,,,,,,,,,,,
Price_block_d,2,186.4444,197.8888,209.33319999999998,220.7776,232.22199999999998,,,,,,,,,,,,,,,,,,,,,,,,,,,,,,
Price_block_d,3,227.85200000000003,235.70400000000004,243.55600000000004,251.40800000000002,259.26000000000005,,,,,,,,,,,,,,,,,,,,,,,,,,,,,,
Price_block_d,4,119.14,138.28,157.42000000000002,176.56,195.7,,,,,,,,,,,,,,,,,,,,,,,,,,,,,,
Price_block_d,5,218.24,236.48000000000002,254.72,272.96000000000004,291.20000000000005,,,,,,,,,,,,,,,,,,,,,,,,,,,,,,
Price_block_t,1,218.04999999999998,252.64999999999998,287.25,321.85,356.45,,,,,,,,,,,,,,,,,,,,,,,,,,,,,,
Price_block_t,2,157.793,207.59300000000002,257.393,307.193,356.993,,,,,,,,,,,,,,,,,,,,,,,,,,,,,,
Price_block_t,3,255.9454,308.0854,360.22540000000004,412.3654,464.5054,,,,,,,,,,,,,,,,,,,,,,,,,,,,,,
Price_block_t,4,255.2896,294.68960000000004,334.0896,373.4896,412.88960000000003,,,,,,,,,,,,,,,,,,,,,,,,,,,,,,
Price_block_t,5,226.49,254.81,283.13,311.45000000000005,339.77,,,,,,,,,,,,,,,,,,,,,,,,,,,,,,
R,1,,0.0086,,,,,,,,,,,,,,,,,,,,,,,,,,,,,,,,,
R,2,,,0.0058,,,,,,,,,,,,,,,,,,,,,,,,,,,,,,,,
R,3,,,,0.056,,,,,,,,,,,,,,,,,,,,,,,,,,,,,,,
R,4,,,,,0.0012,0.012,,,,,,,,,,,,,,,,,,,,,,,,,,,,,
R,6,,,,,,,0.0032,,,,,,,,,,,,,,,,,,,,,,,,,,,,
R,7,,,,,,,,0.0252,,,,,,,,,,,,,,,,,,,,,,,,,,,
R,8,,,,,,,,,0.001,,,,,,,,,,,,,,,,,,,,,,,,,,
R,9,,,,,,,,,,0.0244,0.0624,,,,,,,,,,,,,,,,,,,,,,,,
R,10,,,,,,,,,,,,0.0286,,,,,,,,,,,,,,,,,,,,,,,
R,11,,,,,,,,,,,,,0.0252,0.0122,,,,,,,,,,,,,,,,,,,,,
R,12,,,,,,,,,,,,,,,0.0314,,,,,,,,,,,,,,,,,,,,
R,13,,,,,,,,,,,,,,,,0.0056,,,,,,,,,,,,,,,,,,,
R,16,,,,,,,,,,,,,,,,,0.0124,,,,,,,,,,,,,,,,,,
R,17,,,,,,,,,,,,,,,,,,0.0256,0.034,,,,,,,,,,,,,,,,
R,18,,,,,,,,,,,,,,,,,,,,0.0012,,,,,,,,,,,,,,,
R,20,,,,,,,,,,,,,,,,,,,,,0.0174,0.0234,,,,,,,,,,,,,
R,21,,,,,,,,,,,,,,,,,,,,,,,0.0024,,,,,,,,,,,,
R,22,,,,,,,,,,,,,,,,,,,,,,,,0.0024,,0.0012,,,,,,,,,
R,24,,,,,,,,,,,,,,,,,,,,,,,,,,,0.0346,0.0122,,,,,,,
R,26,,,,,,,,,,,,,,,,,,,,,,,,,,,,,0.0012,,,,,,
R,27,,,,,,,,,,,,,,,,,,,,,,,,,,,,,,0.0044,,,,,
R,28,,,,,,,,,,,,,,,,,,,,,,,,,,,,,,,0.0014,0.0232,,,
R,29,,,,,,,,,,,,,,,,,,,,,,,,,,,,,,,,,0.0124,,
R,30,,,,,,,,,,,,,,,,,,,,,,,,,,,,,,,,,,0.0122,
R,32,,,,,,,,,,,,,,,,,,,,,,,,,,,,,,,,,,,0.0156
RES_Cap_d,value,1.5,1.0,0.5,,,,,,,,,,,,,,,,,,,,,,,,,,,,,,,,
RES_Cap_t,value,5,15,10,,,,,,,,,,,,,,,,,,,,,,,,,,,,,,,,
RES_Node_d,value,13,23,33,,,,,,,,,,,,,,,,,,,,,,,,,,,,,,,,
RES_Node_t,value,3,10,13,,,,,,,,,,,,,,,,,,,,,,,,,,,,,,,,
RES_type_d,value,SOLAR,SOLAR,SOLAR,,,,,,,,,,,,,,,,,,,,,,,,,,,,,,,,
RES_type_t,value,SOLAR,WIND,WIND,,,,,,,,,,,,,,,,,,,,,,,,,,,,,,,,
Remove_Carbon_Mkt,value,,,,,,,,,,,,,,,,,,,,,,,,,0.0,,,,,,,,,,
Remove_Energy_Mkt,value,,,,,,,,,,,,,,,,,,,,,,,,,0.0,,,,,,,,,,
Remove_Ramp,value,,,,,,,,,,,,,,,,,,,,,,,,,1.0,,,,,,,,,,
Remove_Renewable,value,,,,,,,,,,,,,,,,,,,,,,,,,1.0,,,,,,,,,,
SBASE,value,,,,,,,,,,,,,,,,,,,,,,,,,100.0,,,,,,,,,,
SE_Capacity,value,,,,,,,,,,,,,,,,,,,,,,,,,0.5,,,,,,,,,,
To,value,2,5,3,4,5,4,5,7,9,6,11,12,13,8,9,10,14,11,13,14,,,,,,,,,,,,,,,
Trans_Capacity,value,1.58,7.0,7.3,5.7,4.1,1.5,6.4,3.3,1.8,4.4,0.8,0.9,1.9,3.0,2.9,1.2,1.2,1.2,1.2,1.2,,,,,,,,,,,,,,,
Trans_Incidencia,1,1,1,0,0,0,0,0,0,0,0,0,0,0,0,0,0,0,0,0,0,,,,,,,,,,,,,,,
Trans_Incidencia,2,-1,0,1,1,1,0,0,0,0,0,0,0,0,0,0,0,0,0,0,0,,,,,,,,,,,,,,,
Trans_Incidencia,3,0,0,-1,0,0,1,0,0,0,0,0,0,0,0,0,0,0,0,0,0,,,,,,,,,,,,,,,
Trans_Incidencia,4,0,0,0,-1,0,-1,1,1,1,0,0,0,0,0,0,0,0,0,0,0,,,,,,,,,,,,,,,
Trans_Incidencia,5,0,-1,0,0,-1,0,-1,0,0,1,0,0,0,0,0,0,0,0,0,0,,,,,,,,,,,,,,,
Trans_Incidencia,6,0,0,0,0,0,0,0,0,0,-1,1,1,1,0,0,0,0,0,0,0,,,,,,,,,,,,,,,
Trans_Incidencia,7,0,0,0,0,0,0,0,-1,0,0,0,0,0,1,1,0,0,0,0,0,,,,,,,,,,,,,,,
Trans_Incidencia,8,0,0,0,0,0,0,0,0,0,0,0,0,0,-1,0,0,0,0,0,0,,,,,,,,,,,,,,,
Trans_Incidencia,9,0,0,0,0,0,0,0,0,-1,0,0,0,0,0,-1,1,1,0,0,0,,,,,,,,,,,,,,,
Trans_Incidencia,10,0,0,0,0,0,0,0,0,0,0,0,0,0,0,0,-1,0,1,0,0,,,,,,,,,,,,,,,
Trans_Incidencia,11,0,0,0,0,0,0,0,0,0,0,-1,0,0,0,0,0,0,-1,0,0,,,,,,,,,,,,,,,
Trans_Incidencia,12,0,0,0,0,0,0,0,0,0,0,0,-1,0,0,0,0,0,0,1,0,,,,,,,,,,,,,,,
Trans_Incidencia,13,0,0,0,0,0,0,0,0,0,0,0,0,-1,0,0,0,0,0,-1,1,,,,,,,,,,,,,,,
Trans_Incidencia,14,0,0,0,0,0,0,0,0,0,0,0,0,0,0,0,0,-1,0,0,-1,,,,,,,,,,,,,,,
Trans_Inst_Cap,value,0.0,21.7,94.2,47.8,0.0,11.2,0.0,0.0,29.5,9.0,3.5,6.1,13.5,14.9,,,,,,,,,,,,,,,,,,,,,
Trans_Load,1,0.0,0.0,0.0,0.0,0.0,0.0,0.0,0.0,0.0,0.0,0.0,0.0,0.0,0.0,0.0,0.0,0.0,0.0,0.0,0.0,0.0,0.0,0.0,0.0,,,,,,,,,,,
Trans_Load,2,0.06944,0.07161000000000001,0.0868,0.09548,0.10415999999999999,0.11067,0.11935000000000001,0.12368999999999998,0.12802999999999998,0.13454,0.14322000000000001,0.15189999999999998,0.15841,0.15189999999999998,0.14322000000000001,0.12802999999999998,0.11935000000000001,0.11067,0.10415999999999999,0.09548,0.0868,0.08029,0.07594999999999999,0.07161000000000001,,,,,,,,,,,
Trans_Load,3,0.05652,0.12246,0.15072000000000002,0.1413,0.19782,0.23550000000000001,0.24492,0.29202,0.32028000000000006,0.31086,0.39564,0.38622,0.49926000000000004,0.48042,0.62172,0.5181,0.5275200000000001,0.5181,0.44274,0.38622,0.32028000000000006,0.24492,0.22608,0.19782,,,,,,,,,,,
Trans_Load,4,0.26768000000000003,0.28679999999999994,0.3107,0.27724,0.32026000000000004,0.33937999999999996,0.35849999999999993,0.37762,0.37762,0.35849999999999993,0.38718,0.36327999999999994,0.40151999999999993,0.37762,0.37284,0.3824,0.41586,0.3967399999999999,0.3824,0.39196,0.37762,0.33459999999999995,0.33459999999999995,0.30113999999999996,,,,,,,,,,,
Trans_Load,5,0.0,0.0,0.0,0.0,0.0,0.0,0.0,0.0,0.0,0.0,0.0,0.0,0.0,0.0,0.0,0.0,0.0,0.0,0.0,0.0,0.0,0.0,0.0,0.0,,,,,,,,,,,
Trans_Load,6,0.04928,0.0504,0.06048,0.0672,0.07279999999999999,0.07839999999999998,0.08399999999999999,0.08736,0.08959999999999999,0.09519999999999999,0.1008,0.1064,0.11199999999999999,0.1064,0.1008,0.08959999999999999,0.08399999999999999,0.07839999999999998,0.07279999999999999,0.0672,0.0616,0.055999999999999994,0.053759999999999995,0.0504,,,,,,,,,,,
Trans_Load,7,0.0,0.0,0.0,0.0,0.0,0.0,0.0,0.0,0.0,0.0,0.0,0.0,0.0,0.0,0.0,0.0,0.0,0.0,0.0,0.0,0.0,0.0,0.0,0.0,,,,,,,,,,,
Trans_Load,8,0.0,0.0,0.0,0.0,0.0,0.0,0.0,0.0,0.0,0.0,0.0,0.0,0.0,0.0,0.0,0.0,0.0,0.0,0.0,0.0,0.0,0.0,0.0,0.0,,,,,,,,,,,
Trans_Load,9,0.16520000000000004,0.177,0.19175,0.1711,0.19765,0.20945,0.22125,0.23305,0.23305,0.22125,0.23895000000000002,0.2242,0.24779999999999996,0.23305,0.23010000000000003,0.23600000000000002,0.25665,0.24484999999999998,0.23600000000000002,0.24189999999999998,0.23305,0.2065,0.2065,0.18585000000000002,,,,,,,,,,,
Trans_Load,10,0.0765,0.07200000000000001,0.0702,0.0675,0.063,0.0585,0.05399999999999999,0.0495,0.045,0.039599999999999996,0.0405,0.048600000000000004,0.05399999999999999,0.0585,0.063,0.0675,0.0702,0.07200000000000001,0.0765,0.081,0.08549999999999999,0.09,0.08549999999999999,0.081,,,,,,,,,,,
Trans_Load,11,0.0154,0.01575,0.0189,0.021,0.02275,0.024499999999999997,0.02625,0.0273,0.028000000000000004,0.029750000000000002,0.0315,0.033249999999999995,0.035,0.033249999999999995,0.0315,0.028000000000000004,0.02625,0.024499999999999997,0.02275,0.021,0.019250000000000003,0.0175,0.0168,0.01575,,,,,,,,,,,
Trans_Load,12,0.01952,0.02013,0.024399999999999998,0.026839999999999996,0.02928,0.03111,0.033549999999999996,0.034769999999999995,0.035989999999999994,0.03781999999999999,0.04026,0.042699999999999995,0.04452999999999999,0.042699999999999995,0.04026,0.035989999999999994,0.033549999999999996,0.03111,0.02928,0.026839999999999996,0.024399999999999998,0.022569999999999996,0.021349999999999997,0.02013,,,,,,,,,,,
Trans_Load,13,0.0081,0.01755,0.0216,0.02025,0.02835,0.03375,0.0351,0.04185,0.04590000000000001,0.04455,0.0567,0.05534999999999999,0.07155,0.06885,0.0891,0.07425000000000001,0.0756,0.07425000000000001,0.06344999999999999,0.05534999999999999,0.04590000000000001,0.0351,0.0324,0.02835,,,,,,,,,,,
Trans_Load,14,0.08344000000000001,0.0894,0.09685,0.08642,0.09983,0.10579,0.11175,0.11771000000000001,0.11771000000000001,0.11175,0.12069,0.11324,0.12516,0.11771000000000001,0.11622,0.11920000000000001,0.12963000000000002,0.12366999999999999,0.11920000000000001,0.12218,0.11771000000000001,0.1043,0.1043,0.09387000000000001,,,,,,,,,,,
Trans_P_ESS_max,value,0,0,0,0,0,0,0,0,0,0,0,0,0,0,,,,,,,,,,,,,,,,,,,,,
Trans_P_ESS_min,value,0,0,0,0,0,0,0,0,0,0,0,0,0,0,,,,,,,,,,,,,,,,,,,,,
Trans_Reactance,value,0.05917,0.22304,0.19797,0.17632,0.17388,0.17103,0.04211,0.20912,0.55618,0.25202,0.1989,0.25581,0.13027,0.17615,0.11001,0.0845,0.27038,0.19207,0.19988,0.34802,,,,,,,,,,,,,,,
Trans_SOC_initial,value,0,0,0,0,0,0,0,0,0,0,0,0,0,0,,,,,,,,,,,,,,,,,,,,,
Trans_SOC_max,value,0,0,0,0,0,0,0,0,0,0,0,0,0,0,,,,,,,,,,,,,,,,,,,,,
Trans_SOC_min,value,0,0,0,0,0,0,0,0,0,0,0,0,0,0,,,,,,,,,,,,,,,,,,,,,
Trans_Shift_Max,value,0,0,0,0,0,0,0,0,0,0,0,0,0,0,,,,,,,,,,,,,,,,,,,,,
Trans_Shift_Min,value,0,0,0,0,0,0,0,0,0,0,0,0,0,0,,,,,,,,,,,,,,,,,,,,,
Trans_Solar_Inj,1,0,0,0,0,0,0,0,0,0,0,0,0,0,0,0,0,0,0,0,0,0,0,0,0,,,,,,,,,,,
Trans_Solar_Inj,2,0,0,0,0,0,0,0,0,0,0,0,0,0,0,0,0,0,0,0,0,0,0,0,0,,,,,,,,,,,
Trans_Solar_Inj,3,0,0,0,0,0,0,0,0,0,0,0,0,0,0,0,0,0,0,0,0,0,0,0,0,,,,,,,,,,,
Trans_Status,value,1,1,1,1,1,1,1,1,1,1,1,1,1,1,1,1,1,1,1,1,,,,,,,,,,,,,,,
Trans_Type,value,L2,L3,L4,L6,L8,L2,L3,L4,L6,L8,L2,L3,L4,L6,,,,,,,,,,,,,,,,,,,,,
Trans_Wind_Inj,1,0,0,0,0,0,0,0,0,0,0,0,0,0,0,0,0,0,0,0,0,0,0,0,0,,,,,,,,,,,
Trans_Wind_Inj,2,0,0,0,0,0,0,0,0,0,0,0,0,0,0,0,0,0,0,0,0,0,0,0,0,,,,,,,,,,,
Trans_Wind_Inj,3,0,0,0,0,0,0,0,0,0,0,0,0,0,0,0,0,0,0,0,0,0,0,0,0,,,,,,,,,,,
U,value,,,,,,,,,,,,,,,,,,,,,,,,,1.0,,,,,,,,,,
VBASE,value,,,,,,,,,,,,,,,,,,,,,,,,,24.9,,,,,,,,,,
Variable_U,value,,,,,,,,,,,,,,,,,,,,,,,,,0.0,,,,,,,,,,
Vmax,value,1.05,1.05,1.05,1.05,1.05,1.05,1.05,1.05,1.05,1.05,1.05,1.05,1.05,1.05,1.05,1.05,1.05,1.05,1.05,1.05,1.05,1.05,1.05,1.05,,1.05,1.05,1.05,1.05,1.05,1.05,1.05,1.05,1.05,1.05
Vmin,value,0.95,0.95,0.95,0.95,0.95,0.95,0.95,0.95,0.95,0.95,0.95,0.95,0.95,0.95,0.95,0.95,0.95,0.95,0.95,0.95,0.95,0.95,0.95,0.95,,0.95,0.95,0.95,0.95,0.95,0.95,0.95,0.95,0.95,0.95
Vnom,value,24.9,24.9,24.9,24.9,24.9,24.9,24.9,24.9,24.9,24.9,24.9,24.9,24.9,24.9,24.9,24.9,24.9,24.9,24.9,24.9,24.9,24.9,24.9,24.9,,24.9,24.9,24.9,24.9,24.9,24.9,24.9,24.9,24.9,24.9
Wind_max_d,value,,,,,,,,,,,,,,,,,,,,,,,,,,,,,,,,,,,
Wind_max_t,value,,17,17,,,,,,,,,,,,,,,,,,,,,,,,,,,,,,,,
Wind_min_d,value,,,,,,,,,,,,,,,,,,,,,,,,,,,,,,,,,,,
Wind_min_t,value,,3,3,,,,,,,,,,,,,,,,,,,,,,,,,,,,,,,,
Wind_nom_d,value,,,,,,,,,,,,,,,,,,,,,,,,,,,,,,,,,,,
Wind_nom_t,value,,10,10,,,,,,,,,,,,,,,,,,,,,,,,,,,,,,,,
X,1,,0.008,,,,,,,,,,,,,,,,,,,,,,,,,,,,,,,,,
X,2,,,0.0042,,,,,,,,,,,,,,,,,,,,,,,,,,,,,,,,
X,3,,,,0.0456,,,,,,,,,,,,,,,,,,,,,,,,,,,,,,,
X,4,,,,,0.001,0.012,,,,,,,,,,,,,,,,,,,,,,,,,,,,,
X,6,,,,,,,0.003,,,,,,,,,,,,,,,,,,,,,,,,,,,,
X,7,,,,,,,,0.0188,,,,,,,,,,,,,,,,,,,,,,,,,,,
X,8,,,,,,,,,0.001,,,,,,,,,,,,,,,,,,,,,,,,,,
X,9,,,,,,,,,,0.0244,0.0566,,,,,,,,,,,,,,,,,,,,,,,,
X,10,,,,,,,,,,,,0.0216,,,,,,,,,,,,,,,,,,,,,,,
X,11,,,,,,,,,,,,,0.0212,0.0124,,,,,,,,,,,,,,,,,,,,,
X,12,,,,,,,,,,,,,,,0.0214,,,,,,,,,,,,,,,,,,,,
X,13,,,,,,,,,,,,,,,,0.0036,,,,,,,,,,,,,,,,,,,
X,16,,,,,,,,,,,,,,,,,0.0122,,,,,,,,,,,,,,,,,,
X,17,,,,,,,,,,,,,,,,,,0.0212,0.0342,,,,,,,,,,,,,,,,
X,18,,,,,,,,,,,,,,,,,,,,0.0012,,,,,,,,,,,,,,,
X,20,,,,,,,,,,,,,,,,,,,,,0.0124,0.0234,,,,,,,,,,,,,
X,21,,,,,,,,,,,,,,,,,,,,,,,0.0012,,,,,,,,,,,,
X,22,,,,,,,,,,,,,,,,,,,,,,,,0.0014,,0.001,,,,,,,,,
X,24,,,,,,,,,,,,,,,,,,,,,,,,,,,0.0214,0.0122,,,,,,,
X,26,,,,,,,,,,,,,,,,,,,,,,,,,,,,,0.001,,,,,,
X,27,,,,,,,,,,,,,,,,,,,,,,,,,,,,,,0.0044,,,,,
X,28,,,,,,,,,,,,,,,,,,,,,,,,,,,,,,,0.0012,0.0152,,,
X,29,,,,,,,,,,,,,,,,,,,,,,,,,,,,,,,,,0.0134,,
X,30,,,,,,,,,,,,,,,,,,,,,,,,,,,,,,,,,,0.011,
X,32,,,,,,,,,,,,,,,,,,,,,,,,,,,,,,,,,,,0.0112
Z,1,,0.01174563748802082,,,,,,,,,,,,,,,,,,,,,,,,,,,,,,,,,
Z,2,,,0.007161005515987262,,,,,,,,,,,,,,,,,,,,,,,,,,,,,,,,
Z,3,,,,0.07221744941494404,,,,,,,,,,,,,,,,,,,,,,,,,,,,,,,
Z,4,,,,,0.0015620499351813306,0.01697056274847714,,,,,,,,,,,,,,,,,,,,,,,,,,,,,
Z,6,,,,,,,0.004386342439892262,,,,,,,,,,,,,,,,,,,,,,,,,,,,
Z,7,,,,,,,,0.03144010178100573,,,,,,,,,,,,,,,,,,,,,,,,,,,
Z,8,,,,,,,,,0.001414213562373095,,,,,,,,,,,,,,,,,,,,,,,,,,
Z,9,,,,,,,,,,0.034506810921903525,0.08424559335656673,,,,,,,,,,,,,,,,,,,,,,,,
Z,10,,,,,,,,,,,,0.035840200892294116,,,,,,,,,,,,,,,,,,,,,,,
Z,11,,,,,,,,,,,,,0.03293144394040444,0.017395401691251627,,,,,,,,,,,,,,,,,,,,,
Z,12,,,,,,,,,,,,,,,0.03799894735384126,,,,,,,,,,,,,,,,,,,,
Z,13,,,,,,,,,,,,,,,,0.006657326790837295,,,,,,,,,,,,,,,,,,,
Z,16,,,,,,,,,,,,,,,,,0.017395401691251627,,,,,,,,,,,,,,,,,,
Z,17,,,,,,,,,,,,,,,,,,0.033238531856867565,0.04822488983916916,,,,,,,,,,,,,,,,
Z,18,,,,,,,,,,,,,,,,,,,,0.001697056274847714,,,,,,,,,,,,,,,
Z,20,,,,,,,,,,,,,,,,,,,,,0.021366328650472454,0.03309259735953042,,,,,,,,,,,,,
Z,21,,,,,,,,,,,,,,,,,,,,,,,0.0026832815729997475,,,,,,,,,,,,
Z,22,,,,,,,,,,,,,,,,,,,,,,,,0.0027784887978899607,,0.0015620499351813306,,,,,,,,,
Z,24,,,,,,,,,,,,,,,,,,,,,,,,,,,0.0406831660518205,0.017253405460951762,,,,,,,
Z,26,,,,,,,,,,,,,,,,,,,,,,,,,,,,,0.0015620499351813306,,,,,,
Z,27,,,,,,,,,,,,,,,,,,,,,,,,,,,,,,0.006222539674441618,,,,,
Z,28,,,,,,,,,,,,,,,,,,,,,,,,,,,,,,,0.0018439088914585773,0.027735897317375545,,,
Z,29,,,,,,,,,,,,,,,,,,,,,,,,,,,,,,,,,0.01825705343148231,,
Z,30,,,,,,,,,,,,,,,,,,,,,,,,,,,,,,,,,,0.016426807358704856,
Z,32,,,,,,,,,,,,,,,,,,,,,,,,,,,,,,,,,,,0.019204166214652485
a_d,value,400.99999999999994,520.1999999999999,302.0,638.0,456.0,,,,,,,,,,,,,,,,,,,,,,,,,,,,,,
a_t,value,173,166,237,197,177,,,,,,,,,,,,,,,,,,,,,,,,,,,,,,
b_d,value,185.0,175.0,220.00000000000003,100.0,200.0,,,,,,,,,,,,,,,,,,,,,,,,,,,,,,
b_t,value,183.45,107.99300000000001,203.8054,215.8896,198.17000000000002,,,,,,,,,,,,,,,,,,,,,,,,,,,,,,
c_d,value,0,0,0,0,0,,,,,,,,,,,,,,,,,,,,,,,,,,,,,,
c_t,value,0,0,0,0,0,,,,,,,,,,,,,,,,,,,,,,,,,,,,,,
ind1,value,0.71,0.71,0.71,0.69,0.69,0.73,0.82,0.92,0.98,1.0,1.0,1.0,1.0,1.0,0.98,0.94,0.9,0.86,0.83,0.82,0.81,0.8,0.78,0.75,,,,,,,,,,,
ind2,value,0.81,0.81,0.8,0.78,0.78,0.8,0.85,0.91,0.97,0.99,0.99,0.99,1.0,1.0,0.99,0.97,0.94,0.91,0.9,0.89,0.88,0.88,0.87,0.84,,,,,,,,,,,
ind3,value,0.76,0.76,0.75,0.74,0.73,0.77,0.84,0.92,0.97,0.99,1.0,1.0,1.0,1.0,0.98,0.96,0.92,0.89,0.86,0.85,0.85,0.84,0.82,0.8,,,,,,,,,,,
load1,1,1,1,1,1,1,1,1,1,1,1,1,1,1,1,1,1,1,1,1,1,1,1,1,1,,,,,,,,,,,
load2,1,1,1,1,1,1,1,1,1,1,1,1,1,1,1,1,1,1,1,1,1,1,1,1,1,,,,,,,,,,,
off1,value,0.23,0.23,0.22,0.23,0.25,0.3,0.39,0.51,0.63,0.75,0.84,0.92,0.97,1.0,1.0,0.96,0.88,0.77,0.67,0.58,0.5,0.44,0.38,0.32,,,,,,,,,,,
off4,value,0.36,0.36,0.36,0.37,0.41,0.48,0.58,0.69,0.8,0.88,0.94,0.97,0.99,0.99,0.96,0.91,0.83,0.73,0.64,0.56,0.5,0.45,0.42,0.39,,,,,,,,,,,
probability,1,1,1,1,1,1,1,1,1,1,1,1,1,1,1,1,1,1,1,1,1,1,1,1,1,,,,,,,,,,,
res1,value,0.9,0.9,0.88,0.86,0.85,0.85,0.85,0.86,0.87,0.88,0.89,0.9,0.92,0.93,0.94,0.96,0.97,0.99,1.0,1.0,0.99,0.98,0.96,0.94,,,,,,,,,,,
res4,value,0.36,0.36,0.31,0.27,0.24,0.22,0.22,0.23,0.25,0.3,0.37,0.47,0.58,0.7,0.81,0.9,0.97,1.0,0.98,0.93,0.85,0.75,0.65,0.55,,,,,,,,,,,
res5,value,0.48,0.48,0.46,0.45,0.45,0.47,0.52,0.6,0.68,0.73,0.75,0.76,0.76,0.78,0.79,0.82,0.85,0.87,0.85,0.8,0.73,0.66,0.6,0.56,,,,,,,,,,,
scenario,value,,,,,,,,,,,,,,,,,,,,,,,,,1.0,,,,,,,,,,
solar,1,0.0,0.0,0.0,0.0,0.0,0.0,0.0,0.16,0.33,0.6,0.84,0.9,1.07,0.97,0.9,0.67,0.41,0.16,0.0,0.0,0.0,0.0,0.0,0.0,,,,,,,,,,,
wind1,1,0.28,0.27,0.34,0.28,0.25,0.29,0.34,0.43,0.36,0.3,0.18,0.15,0.12,0.11,0.09,0.09,0.09,0.13,0.16,0.24,0.29,0.25,0.28,0.27,,,,,,,,,,,
wind2,1,0.35,0.31,0.27,0.32,0.29,0.32,0.33,0.42,0.36,0.3,0.19,0.13,0.13,0.1,0.09,0.08,0.1,0.12,0.19,0.24,0.23,0.26,0.27,0.3,,,,,,,,,,,
