index0,index1,index2,I.val
1,2,1,0.04024676062744604
1,2,2,0.02233350467791951
1,2,3,0.03992224438664255
1,2,4,0.03993199922591331
1,2,5,0.0293100339979147
1,2,6,0.04182225588732502
1,2,7,0.03459093904315459
1,2,8,0.03315647104129148
1,2,9,0.04267654312041659
1,2,10,0.03269509884970045
1,2,11,0.04217269877024241
1,2,12,0.0420133302544243
1,2,13,0.04191192414380783
1,2,14,0.031486309339096
1,2,15,0.04191152944654139
1,2,16,0.03461526434125605
1,2,17,0.04227314622395665
1,2,18,0.03285860121856884
1,2,19,0.04285599942871429
1,2,20,0.03462044280518983
1,2,21,0.04330890846331818
1,2,22,0.02841324885644761
1,2,23,0.02405294915707526
1,2,24,0.03012002546728292
2,3,1,0.04057561248244272
2,3,2,0.0225763363880373
2,3,3,0.04023574480559642
2,3,4,0.04025985287954385
2,3,5,0.02961406526939258
2,3,6,0.04225998668679681
2,3,7,0.03510794484845267
2,3,8,0.03381819045208029
2,3,9,0.04360262153300995
2,3,10,0.0336611970049315
2,3,11,0.04339862504345574
2,3,12,0.04335423873890989
2,3,13,0.04332457049754612
2,3,14,0.03275226172158657
2,3,15,0.04336852766515931
2,3,16,0.03588958268128828
2,3,17,0.0435603140963892
2,3,18,0.03385362038651724
2,3,19,0.0438417104950517
2,3,20,0.03538918133978985
2,3,21,0.04404866959370508
2,3,22,0.02894027952660904
2,3,23,0.02447098290611492
2,3,24,0.03051496201475758
3,4,1,0.04109331242674325
3,4,2,0.02295946014604116
3,4,3,0.04075163993619289
3,4,4,0.04079021667804249
3,4,5,0.03011653958087987
3,4,6,0.04296572337116725
3,4,7,0.03588509653729844
3,4,8,0.03472584690472688
3,4,9,0.0447957223281741
3,4,10,0.03481649648076072
3,4,11,0.04479572241402124
3,4,12,0.04479572241498107
3,4,13,0.04479572241550884
3,4,14,0.0340356425088108
3,4,15,0.04479572243529326
3,4,16,0.0371234404055885
3,4,17,0.04479572241437563
3,4,18,0.03481352437927997
3,4,19,0.04479572242928508
3,4,20,0.03614092549974784
3,4,21,0.04479572232761853
3,4,22,0.02948520520096173
3,4,23,0.02493793090964374
3,4,24,0.03100027553198832
4,5,1,0.001333122280627156
4,5,2,0.001271977654987579
4,5,3,0.001331862556140751
4,5,4,0.001335674174675872
4,5,5,0.001302308717303666
4,5,6,0.001375516721931049
4,5,7,0.001299794745305914
4,5,8,0.001279939200005384
4,5,9,0.004006557852726914
4,5,10,0.002281250983265436
4,5,11,0.004325479297250303
4,5,12,0.004339165934366619
4,5,13,0.004335173560336129
4,5,14,0.002665523190435085
4,5,15,0.004356262296044665
4,5,16,0.00359474510988958
4,5,17,0.0043773949973636
4,5,18,0.002830424002661238
4,5,19,0.004392132209717639
4,5,20,0.003027490063773885
4,5,21,0.004048785677367945
4,5,22,0.001678102323506672
4,5,23,0.001283129751359527
4,5,24,0.001306581299216582
4,6,1,0.02931501584200794
4,6,2,0.01444685948808754
4,6,3,0.02899286845866127
4,6,4,0.02897086862847712
4,6,5,0.0201113559950818
4,6,6,0.03065348600782842
4,6,7,0.02503876901580437
4,6,8,0.0242303449694606
4,6,9,0.02416046795012429
4,6,10,0.02067970243841141
4,6,11,0.02455025332470953
4,6,12,0.02456886460373441
4,6,13,0.02458097639917766
4,6,14,0.01907861324386321
4,6,15,0.02459370457297554
4,6,16,0.01902702906937204
4,6,17,0.02455301475056767
4,6,18,0.01924585985204654
4,6,19,0.0245261593076152
4,6,20,0.01968858694475825
4,6,21,0.02415348704004869
4,6,22,0.01846778795398134
4,6,23,0.01614793661192979
4,6,24,0.02101063763244622
6,7,1,0.03027905400751204
6,7,2,0.01512091267241749
6,7,3,0.02994059492299626
6,7,4,0.02989450861338069
6,7,5,0.02087988153012884
6,7,6,0.03162741202336936
6,7,7,0.02597324467000475
6,7,8,0.02521296485797938
6,7,9,0.02517286769015047
6,7,10,0.02166288006618977
6,7,11,0.0255587769235748
6,7,12,0.02557706777297014
6,7,13,0.02560056942132475
6,7,14,0.02002953784521692
6,7,15,0.02560243076250013
6,7,16,0.01994677668667291
6,7,17,0.02550956907578939
6,7,18,0.02011469655312357
6,7,19,0.02544109394730782
6,7,20,0.02054893770326025
6,7,21,0.02507068070827394
6,7,22,0.01929414732180895
6,7,23,0.01691267958026592
6,7,24,0.02185487629458781
7,8,1,0.03055630140756267
7,8,2,0.0153157530234277
7,8,3,0.0302045119201726
7,8,4,0.03017031142342916
7,8,5,0.02112990161596101
7,8,6,0.03199757803355596
7,8,7,0.02640931166346622
7,8,8,0.02577454065053952
7,8,9,0.02584561686140698
7,8,10,0.02242745607535315
7,8,11,0.02643782809000959
7,8,12,0.02654059525340579
7,8,13,0.02661856552027839
7,8,14,0.02101092676783754
7,8,15,0.02665153691614823
7,8,16,0.02088512286309128
7,8,17,0.02642938935125227
7,8,18,0.02086940859894438
7,8,19,0.02613803084531126
7,8,20,0.021122451729813
7,8,21,0.02560218650841955
7,8,22,0.01971606309782661
7,8,23,0.01725380494142207
7,8,24,0.022182068233531
8,9,1,0.03113908171710101
8,9,2,0.01572733478925207
8,9,3,0.03076000872577333
8,9,4,0.03071350785917561
8,9,5,0.02158440189327198
8,9,6,0.03258187853850814
8,9,7,0.0269968501771512
8,9,8,0.02644425481440671
8,9,9,0.02658452189354436
8,9,10,0.02318712301274559
8,9,11,0.0272400417166563
8,9,12,0.02735523159734855
8,9,13,0.02743532641730665
8,9,14,0.02179638450848086
8,9,15,0.0275009832182561
8,9,16,0.02170766474715057
8,9,17,0.02733924820589206
8,9,18,0.0217426984575975
8,9,19,0.0270410976429297
8,9,20,0.02192925427590131
8,9,21,0.02639059028158844
8,9,22,0.02035900829044088
8,9,23,0.01780069567169829
8,9,24,0.02276122924171499
9,10,1,0.00446578900811607
9,10,2,0.004420850629866844
9,10,3,0.004496039237032927
9,10,4,0.00451881892806372
9,10,5,0.004492874345025412
9,10,6,0.004461550830773199
9,10,7,0.00436372096144743
9,10,8,0.004248734188475882
9,10,9,0.004140000497490467
9,10,10,0.004071938486363036
9,10,11,0.004156612129690489
9,10,12,0.004102089311515466
9,10,13,0.004046938616338628
9,10,14,0.003997098316257029
9,10,15,0.003965161228108674
9,10,16,0.003969416968565512
9,10,17,0.003973651359494142
9,10,18,0.003933957686986919
9,10,19,0.004063002808242436
9,10,20,0.004040411071206804
9,10,21,0.004183335751786631
9,10,22,0.004179575803250594
9,10,23,0.004243096140312202
9,10,24,0.004333945743576885
9,11,1,0.01040801488500495
9,11,2,0.004973493961735686
9,11,3,0.01107478656229557
9,11,4,0.01109768781005453
9,11,5,0.008359390656181648
9,11,6,0.01145589114319446
9,11,7,0.01134509118294358
9,11,8,0.01052372473755826
9,11,9,0.009654365635469108
9,11,10,0.009058946237868059
9,11,11,0.00890733589537331
9,11,12,0.009054509482903171
9,11,13,0.009172266464159279
9,11,14,0.009311270032591783
9,11,15,0.00934154326087791
9,11,16,0.009316329565893481
9,11,17,0.009261965402737174
9,11,18,0.009419885145559838
9,11,19,0.008963394333985943
9,11,20,0.009498482739981764
9,11,21,0.00824344626670619
9,11,22,0.008171979499715465
9,11,23,0.006462217474138302
9,11,24,0.009412120428085747
10,12,1,0.004638434186262339
10,12,2,0.004591359800333195
10,12,3,0.004645095829215506
10,12,4,0.004648820897877713
10,12,5,0.004607638864054749
10,12,6,0.004566737401430861
10,12,7,0.004467762850851607
10,12,8,0.00435611904892147
10,12,9,0.004255404798669769
10,12,10,0.004209429872771902
10,12,11,0.004328329488991345
10,12,12,0.004319508534916028
10,12,13,0.004314362949980183
10,12,14,0.004318674289417979
10,12,15,0.004337470762470996
10,12,16,0.004383847236293013
10,12,17,0.004421870037865226
10,12,18,0.00439357824849141
10,12,19,0.004520392952297244
10,12,20,0.004472455311580756
10,12,21,0.004583214041180776
10,12,22,0.004531025657479483
10,12,23,0.004548450822802631
10,12,24,0.004594922232216015
11,13,1,0.01110951467786619
11,13,2,0.005462016918447376
11,13,3,0.01178413068562121
11,13,4,0.01180778446012597
11,13,5,0.008984613184367293
11,13,6,0.01225223617707408
11,13,7,0.01226145449375134
11,13,8,0.01155392484001182
11,13,9,0.01070980798308633
11,13,10,0.01023001825795592
11,13,11,0.01001424587543091
11,13,12,0.01022273080173737
11,13,13,0.01038418906917785
11,13,14,0.01068329538585134
11,13,15,0.01057316037190239
11,13,16,0.01063067536643151
11,13,17,0.0103724970700432
11,13,18,0.01055798777676699
11,13,19,0.009881973975675511
11,13,20,0.01047824742313789
11,13,21,0.009059087369304202
11,13,22,0.00898459929632789
11,13,23,0.007140566725094942
11,13,24,0.01017197254659312
11,14,1,1.595169178128346e-09
11,14,2,1.669751363546094e-09
11,14,3,1.515477991268267e-09
11,14,4,1.554557891143234e-09
11,14,5,9.450077454876054e-07
11,14,6,1.334015637306208e-06
11,14,7,2.25375498184664e-06
11,14,8,3.852648504070421e-06
11,14,9,5.977193565700234e-06
11,14,10,8.330776655812477e-06
11,14,11,1.060010901921308e-05
11,14,12,1.271591261414217e-05
11,14,13,1.413684571965751e-05
11,14,14,1.506815742797453e-05
11,14,15,1.502644186441959e-05
11,14,16,1.388621274823842e-05
11,14,17,1.163632480593155e-05
11,14,18,8.937357569955212e-06
11,14,19,6.74321915098876e-06
11,14,20,4.98301580126768e-06
11,14,21,3.703457615534925e-06
11,14,22,2.868267272634943e-06
11,14,23,2.139844571745486e-06
11,14,24,1.517715515253734e-06
12,15,1,0.004989994020563895
12,15,2,0.004938601665168818
12,15,3,0.004997021101538605
12,15,4,0.004990659382200349
12,15,5,0.004946861201788406
12,15,6,0.004925833361799174
12,15,7,0.004867989332962053
12,15,8,0.004801135084196747
12,15,9,0.004725404321648303
12,15,10,0.004686788358874852
12,15,11,0.004812433674368207
12,15,12,0.00480361833571991
12,15,13,0.004798621979669663
12,15,14,0.0048032069423409
12,15,15,0.004813744220325853
12,15,16,0.004842290030834997
12,15,17,0.004862529256440091
12,15,18,0.004812544314081206
12,15,19,0.004929853111278052
12,15,20,0.004874611218212291
12,15,21,0.004984003676229576
12,15,22,0.004924134350251259
12,15,23,0.004931211400657413
12,15,24,0.004965077250653122
13,16,1,0.01177202656946393
13,16,2,0.00593117987556697
13,16,3,0.01245132088250617
13,16,4,0.01246022544760306
13,16,5,0.009549632011160911
13,16,6,0.01290854444399497
13,16,7,0.01292040869376352
13,16,8,0.01220223985236811
13,16,9,0.01131549673585257
13,16,10,0.01085617704584634
13,16,11,0.01058601638412046
13,16,12,0.01080823438005236
13,16,13,0.01098981972651548
13,16,14,0.01136135679018394
13,16,15,0.01119880875387089
13,16,16,0.0113284876421056
13,16,17,0.01101111270693404
13,16,18,0.01127524262718376
13,16,19,0.0105201463814672
13,16,20,0.01119899719864015
13,16,21,0.00969157820168785
13,16,22,0.009639203024396399
13,16,23,0.007713788219838582
13,16,24,0.01083796435394369
16,17,1,0.01245842948808482
16,17,2,0.006424234134023833
16,17,3,0.0131413783454073
16,17,4,0.01313448617878388
16,17,5,0.01013599820010685
16,17,6,0.01358618619655487
16,17,7,0.01360070751964039
16,17,8,0.01287239337924931
16,17,9,0.01194357480012613
16,17,10,0.01150515495673607
16,17,11,0.01118108596877802
16,17,12,0.01141771632509804
16,17,13,0.01162057520892122
16,17,14,0.01206498535424362
16,17,15,0.01185065939655745
16,17,16,0.01205356082855512
16,17,17,0.01167748672672466
16,17,18,0.01202145717113784
16,17,19,0.01118787737416704
16,17,20,0.01194933164302174
16,17,21,0.01035303497433613
16,17,22,0.01032227214798969
16,17,23,0.008314259878904178
16,17,24,0.01153007602013259
17,18,1,0.003809893295622974
17,18,2,0.000916296728706459
17,18,3,0.004182625348249836
17,18,4,0.004175239284024307
17,18,5,0.002575410004034372
17,18,6,0.003487818526062806
17,18,7,0.003142424173743035
17,18,8,0.002714600785636054
17,18,9,0.002474866918171617
17,18,10,0.002226244570692122
17,18,11,0.002292608184097248
17,18,12,0.002411479899117441
17,18,13,0.002502404192649857
17,18,14,0.002452031614538356
17,18,15,0.002604474706517408
17,18,16,0.002427197102494883
17,18,17,0.0024752358128916
17,18,18,0.00241569723250252
17,18,19,0.002207794348872095
17,18,20,0.002295633900132648
17,18,21,0.001710090664969532
17,18,22,0.001564131694204809
17,18,23,0.0017716126794661
17,18,24,0.00199387146844978
17,19,1,0.002785719023264896
17,19,2,0.002769406764603982
17,19,3,0.002792009627996573
17,19,4,0.002786819524658448
17,19,5,0.002771500406729798
17,19,6,0.003654512349820907
17,19,7,0.004069500364390586
17,19,8,0.004219128756811966
17,19,9,0.004157089138079956
17,19,10,0.004094384874269783
17,19,11,0.004196265892517481
17,19,12,0.004169738645871376
17,19,13,0.004153654666413892
17,19,14,0.004127382920910545
17,19,15,0.004144721407804156
17,19,16,0.004128653633505518
17,19,17,0.004185052059548362
17,19,18,0.004086252709798054
17,19,19,0.004254462409382331
17,19,20,0.004183586416253151
17,19,21,0.004219548255229642
17,19,22,0.004249375716349066
17,19,23,0.002718613120922311
17,19,24,0.004313098216275146
18,20,1,0.004154812327709501
18,20,2,0.001090210360351397
18,20,3,0.004539629624960469
18,20,4,0.004522687831413796
18,20,5,0.002851254658727621
18,20,6,0.003812735942259279
18,20,7,0.003472825415258242
18,20,8,0.003044574366838271
18,20,9,0.002776258958360224
18,20,10,0.002553561343370676
18,20,11,0.002546109346699274
18,20,12,0.002674716017117862
18,20,13,0.002777473878733944
18,20,14,0.002799736530685559
18,20,15,0.002884351440570069
18,20,16,0.002761329709195714
18,20,17,0.002730800410626456
18,20,18,0.002727835642923199
18,20,19,0.002430569353028926
18,20,20,0.002592677946277282
18,20,21,0.001930007669094555
18,20,22,0.001808188414477927
18,20,23,0.002029979111461376
18,20,24,0.002255359740263788
20,21,1,2.290587272508282e-05
20,21,2,2.285132508513404e-05
20,21,3,2.182655838374979e-05
20,21,4,2.111132167136185e-05
20,21,5,2.074666231229453e-05
20,21,6,2.276903102246901e-05
20,21,7,2.75637799514474e-05
20,21,8,3.442486632690104e-05
20,21,9,4.05427718475869e-05
20,21,10,4.407161811765499e-05
20,21,11,4.557845122938927e-05
20,21,12,4.61016401663422e-05
20,21,13,4.610226178868878e-05
20,21,14,4.719811247276613e-05
20,21,15,4.662861235987911e-05
20,21,16,4.719409494369816e-05
20,21,17,4.662469228195571e-05
20,21,18,4.61386528981449e-05
20,21,19,4.350711861841906e-05
20,21,20,4.055027683237848e-05
20,21,21,3.715608475301595e-05
20,21,22,3.349985872594233e-05
20,21,23,3.002761387387358e-05
20,21,24,2.754694004053863e-05
20,22,1,0.004951369114175196
20,22,2,0.00152315638360772
20,22,3,0.005345962886937363
20,22,4,0.00531210910138422
20,22,5,0.003485364679616315
20,22,6,0.004570838759926182
20,22,7,0.004279700476661297
20,22,8,0.003908651220490502
20,22,9,0.003614269703067672
20,22,10,0.003488510140558675
20,22,11,0.003315051761865315
20,22,12,0.003475087329862157
20,22,13,0.003602147086274134
20,22,14,0.003824994084957636
20,22,15,0.003742799631960287
20,22,16,0.003794922217609548
20,22,17,0.003580995411291997
20,22,18,0.00376822194687278
20,22,19,0.003195053921415535
20,22,20,0.003531404743594614
20,22,21,0.002616425701648381
20,22,22,0.002504625635169869
20,22,23,0.002716360911965763
20,22,24,0.002931547524966182
21,23,1,8.623460614740323e-06
21,23,2,8.596058480101418e-06
21,23,3,8.405863185428239e-06
21,23,4,8.183166673898639e-06
21,23,5,7.957861862046437e-06
21,23,6,8.786698462159848e-06
21,23,7,1.053841674564086e-05
21,23,8,1.263695440307576e-05
21,23,9,1.40373281393939e-05
21,23,10,1.462761392999503e-05
21,23,11,1.490724372022628e-05
21,23,12,1.490772383411385e-05
21,23,13,1.490845881458019e-05
21,23,14,1.492381405590002e-05
21,23,15,1.431864861985058e-05
21,23,16,1.375345885349194e-05
21,23,17,1.261914338617848e-05
21,23,18,1.182213993974113e-05
21,23,19,1.102388692776201e-05
21,23,20,1.078348577232179e-05
21,23,21,1.077369540734954e-05
21,23,22,1.045566631073782e-05
21,23,23,9.963931636603232e-06
21,23,24,9.551870172561108e-06
22,24,1,0.00427284517063281
22,24,2,0.002826865078374828
22,24,3,0.005210101440855655
22,24,4,0.005268557508186849
22,24,5,0.0052550027849832
22,24,6,0.005100165186766941
22,24,7,0.004796388633629471
22,24,8,0.004415524336585764
22,24,9,0.004085268412265041
22,24,10,0.004012423538413264
22,24,11,0.003790626218782085
22,24,12,0.003832431244823763
22,24,13,0.003705612752603836
22,24,14,0.003622490804522778
22,24,15,0.003641581037992179
22,24,16,0.003630955577582223
22,24,17,0.003773376475902979
22,24,18,0.003859095627343484
22,24,19,0.003974687704332485
22,24,20,0.004180827609924252
22,24,21,0.004355083057655171
22,24,22,0.004356701565379602
22,24,23,0.004571956480012134
22,24,24,0.0047806207026738
22,25,1,1.204511740034151e-05
22,25,2,1.203263330189822e-05
22,25,3,1.152383033102962e-05
22,25,4,1.100695432021956e-05
22,25,5,1.075313088785841e-05
22,25,6,1.071141937574226e-05
22,25,7,1.075216359667413e-05
22,25,8,1.100544192165696e-05
22,25,9,1.126087485247919e-05
22,25,10,1.148111677089243e-05
22,25,11,1.178196222360322e-05
22,25,12,1.204715795664293e-05
22,25,13,1.258706073977885e-05
22,25,14,1.286276478921181e-05
22,25,15,1.313890578897105e-05
22,25,16,1.370397831056338e-05
22,25,17,1.398973736242906e-05
22,25,18,1.457286223187472e-05
22,25,19,1.486685021812166e-05
22,25,20,1.486995136349847e-05
22,25,21,1.45749589225257e-05
22,25,22,1.42824604235585e-05
22,25,23,1.370746867634248e-05
22,25,24,1.314391534880861e-05
24,26,1,0.0001061242564824828
24,26,2,0.0001060198510013474
24,26,3,0.0001006160627031114
24,26,4,9.838742896669764e-05
24,26,5,0.0001008523119746548
24,26,6,0.0001123956991945596
24,26,7,0.0001372679530826611
24,26,8,0.0001759971357481343
24,26,9,0.0002195370977545305
24,26,10,0.0002590576811463219
24,26,11,0.0002869308062276531
24,26,12,0.000287551967873364
24,26,13,0.0003041181107856282
24,26,14,0.0003159427951873867
24,26,15,0.0003172971585323267
24,26,16,0.000311002689402445
24,26,17,0.0002919849746113041
24,26,18,0.0002663285773325449
24,26,19,0.0002511132652350177
24,26,20,0.0002212674463054209
24,26,21,0.0001979967841734486
24,26,22,0.0001762650315074924
24,26,23,0.0001548488248131636
24,26,24,0.0001348193605350172
24,27,1,0.0006354269816901384
24,27,2,0.0001716150638865126
24,27,3,0.001006046602694107
24,27,4,0.001019841877055953
24,27,5,0.001018681274720335
24,27,6,0.000996389474880641
24,27,7,0.0009476474200343922
24,27,8,0.0008888378461562209
24,27,9,0.000837917770397303
24,27,10,0.0008166958333322365
24,27,11,0.0007728076926415356
24,27,12,0.0007465841168100122
24,27,13,0.0007225343438132779
24,27,14,0.0007309496657007206
24,27,15,0.0007131224031339538
24,27,16,0.0007195367492118844
24,27,17,0.0007242891663165106
24,27,18,0.0007400354258710308
24,27,19,0.0007354101582672452
24,27,20,0.0007980289717214906
24,27,21,0.0008352378575623953
24,27,22,0.0008334135366540727
24,27,23,0.0008750608291208348
24,27,24,0.0009162439268044264
26,28,1,8.705986725736816e-05
26,28,2,8.69465187721204e-05
26,28,3,8.284844908307421e-05
26,28,4,8.0066947845368e-05
26,28,5,8.07608115124226e-05
26,28,6,8.711855247141774e-05
26,28,7,0.0001013313414360849
26,28,8,0.0001233776599493063
26,28,9,0.0001475945792933259
26,28,10,0.0001669408342119611
26,28,11,0.0001791075487660138
26,28,12,0.0001895648232901913
26,28,13,0.0001981484223437347
26,28,14,0.0002047239393044489
26,28,15,0.0002058169978301383
26,28,16,0.0002047082316375581
26,28,17,0.0001970471287533316
26,28,18,0.0001863611428716428
26,28,19,0.0001739274069544524
26,28,20,0.0001590171563379307
26,28,21,0.0001429168941873819
26,28,22,0.000130292046125232
26,28,23,0.0001174283084748511
26,28,24,0.0001052315789692372
27,29,1,0.0006957101384260495
27,29,2,0.0002012036929625891
27,29,3,0.001082876323101721
27,29,4,0.001099588948845001
27,29,5,0.001107221211880608
27,29,6,0.001099016624469127
27,29,7,0.001068395570176276
27,29,8,0.001027422904108749
27,29,9,0.000993423727869224
27,29,10,0.0009857332836044378
27,29,11,0.0009472246949609604
27,29,12,0.0009225515095604276
27,29,13,0.0008981575375543804
27,29,14,0.0009080479749522885
27,29,15,0.000881304660820478
27,29,16,0.0008793624878552191
27,29,17,0.0008697944349381003
27,29,18,0.0008690101696526964
27,29,19,0.0008471078934450735
27,29,20,0.0009011937693818831
27,29,21,0.0009299974652307608
27,29,22,0.0009182194826862041
27,29,23,0.0009568442006805502
27,29,24,0.0009944944472851643
28,30,1,2.474643307992913e-05
28,30,2,2.471405534491477e-05
28,30,3,2.362523094204762e-05
28,30,4,2.251468197759308e-05
28,30,5,2.251527796654868e-05
28,30,6,2.390457143376049e-05
28,30,7,2.793108864255194e-05
28,30,8,3.392966413334641e-05
28,30,9,4.05111044857106e-05
28,30,10,4.402350757745717e-05
28,30,11,4.505136464173243e-05
28,30,12,4.556746834193828e-05
28,30,13,4.608826977460051e-05
28,30,14,4.714384275623981e-05
28,30,15,4.714087395550172e-05
28,30,16,4.76711015427303e-05
28,30,17,4.766816300693604e-05
28,30,18,4.713461629197434e-05
28,30,19,4.55557004205187e-05
28,30,20,4.24892487327556e-05
28,30,21,3.856363995238293e-05
28,30,22,3.528162071759932e-05
28,30,23,3.214937788643318e-05
28,30,24,2.916195076219543e-05
28,31,1,0.0
28,31,2,0.0
28,31,3,0.0
28,31,4,0.0
28,31,5,9.316477658417714e-07
28,31,6,1.33334796496231e-06
28,31,7,2.252957224912542e-06
28,31,8,3.852137222870959e-06
28,31,9,5.905446706307658e-06
28,31,10,8.32988993940724e-06
28,31,11,1.049541380771059e-05
28,31,12,1.258854909330243e-05
28,31,13,1.399355173253136e-05
28,31,14,1.487323009790729e-05
28,31,15,1.487232478812494e-05
28,31,16,1.370622375487888e-05
28,31,17,1.151665471628301e-05
28,31,18,8.81775600808201e-06
28,31,19,6.676501865668947e-06
28,31,20,4.981894062203437e-06
28,31,21,3.70256106205087e-06
28,31,22,2.867462316173731e-06
28,31,23,2.138920024151025e-06
28,31,24,1.517007688770634e-06
29,32,1,0.0008258265398392657
29,32,2,0.0002707068018541291
29,32,3,0.001245641789564796
29,32,4,0.001259115423146148
29,32,5,0.001267458540171578
29,32,6,0.001268177382902068
29,32,7,0.001256097547122186
29,32,8,0.001234158144338683
29,32,9,0.001209771032336206
29,32,10,0.001205674444970373
29,32,11,0.001161512868335238
29,32,12,0.00113311957424511
29,32,13,0.001104966136503994
29,32,14,0.001116421824583911
29,32,15,0.001081167233630124
29,32,16,0.00107021247846245
29,32,17,0.001050642252290124
29,32,18,0.001041188631170039
29,32,19,0.001009998778247289
29,32,20,0.001069007330956782
29,32,21,0.001099187621675368
29,32,22,0.001083798286535044
29,32,23,0.001122582397614845
29,32,24,0.001157614048221925
30,33,1,3.414335841500638e-06
30,33,2,3.414349520947102e-06
30,33,3,3.13581923477857e-06
30,33,4,3.00099857974967e-06
30,33,5,3.001054101392508e-06
30,33,6,3.273719478114057e-06
30,33,7,4.00731704625068e-06
30,33,8,5.356389076542784e-06
30,33,9,6.881323931472847e-06
30,33,10,7.898448542523198e-06
30,33,11,8.370309887617079e-06
30,33,12,8.594168007908598e-06
30,33,13,8.592590514961101e-06
30,33,14,9.018798556073258e-06
30,33,15,9.283912495985972e-06
30,33,16,1.000390035440723e-05
30,33,17,1.07462384075506e-05
30,33,18,1.125791286379419e-05
30,33,19,1.074588177134528e-05
30,33,20,9.520345879333104e-06
30,33,21,7.926871038699767e-06
30,33,22,6.455611004233482e-06
30,33,23,5.335181561578897e-06
30,33,24,4.647237790089687e-06
32,34,1,0.0009222593555366185
32,34,2,0.0003261774251196728
32,34,3,0.001359065252869136
32,34,4,0.001370753192085307
32,34,5,0.001379557047045669
32,34,6,0.001385439177665865
32,34,7,0.001385448123327413
32,34,8,0.001382493820705478
32,34,9,0.001376614468719375
32,34,10,0.001384946821964308
32,34,11,0.001341684041436982
32,34,12,0.001312987085321489
32,34,13,0.001281992888327797
32,34,14,0.001299532464692401
32,34,15,0.001263008867801843
32,34,16,0.001258096990831578
32,34,17,0.001243494684698165
32,34,18,0.001237694877432909
32,34,19,0.001197999766191527
32,34,20,0.001251942954785504
32,34,21,0.001268357492339423
32,34,22,0.001234681983475975
32,34,23,0.001262321161875584
32,34,24,0.001290282120652672
