index0,index1,index2,Block_Dispatch_d.val
1,1,1,0.01399999989833072
1,1,2,0.01399999989697058
1,1,3,0.01399999990579592
1,1,4,0.01399999990623136
1,1,5,0.01399999989849387
1,1,6,0.01399999990602448
1,1,7,0.01399999990599642
1,1,8,0.01399999990348956
1,1,9,0.01399999992249639
1,1,10,0.01399999992208042
1,1,11,0.01399999991542572
1,1,12,0.01399999991278627
1,1,13,0.01399999991651871
1,1,14,0.01399999992321639
1,1,15,0.01399999991573059
1,1,16,0.01399999992612759
1,1,17,0.01399999991651688
1,1,18,0.01399999991766372
1,1,19,0.0139999999146817
1,1,20,0.01399999991703903
1,1,21,0.01399999992234107
1,1,22,0.01399999991016464
1,1,23,0.01399999990495211
1,1,24,0.01399999990701648
1,2,1,0.01399999985996739
1,2,2,0.01399999985627085
1,2,3,0.01399999987206025
1,2,4,0.01399999987264827
1,2,5,0.01399999986038867
1,2,6,0.01399999987357599
1,2,7,0.01399999987310003
1,2,8,0.0139999998668792
1,2,9,0.01399999989976169
1,2,10,0.01399999990084168
1,2,11,0.01399999989090596
1,2,12,0.013999999887742
1,2,13,0.01399999989121767
1,2,14,0.01399999990164922
1,2,15,0.01399999989059305
1,2,16,0.01399999990515067
1,2,17,0.0139999998904769
1,2,18,0.01399999989626453
1,2,19,0.01399999989130384
1,2,20,0.01399999989484513
1,2,21,0.01399999990033064
1,2,22,0.01399999988002047
1,2,23,0.01399999986995573
1,2,24,0.01399999987359364
1,3,1,0.01399999977879238
1,3,2,0.01399999977149271
1,3,3,0.01399999980376791
1,3,4,0.01399999980611891
1,3,5,0.01399999978097406
1,3,6,0.013999999810393
1,3,7,0.01399999980856443
1,3,8,0.01399999979330804
1,3,9,0.01399999986069886
1,3,10,0.0139999998654997
1,3,11,0.01399999985118064
1,3,12,0.0139999998460807
1,3,13,0.01399999984639111
1,3,14,0.0139999998646535
1,3,15,0.01399999984634142
1,3,16,0.01399999986895526
1,3,17,0.013999999845109
1,3,18,0.01399999985942244
1,3,19,0.01399999985097626
1,3,20,0.01399999985638507
1,3,21,0.01399999986219434
1,3,22,0.0139999998226776
1,3,23,0.01399999979967646
1,3,24,0.01399999980864484
1,4,1,0.01399999947190983
1,4,2,0.01399999926050951
1,4,3,0.01399999964577658
1,4,4,0.01399999965961898
1,4,5,0.01399999949542204
1,4,6,0.01399999962638287
1,4,7,0.01399999962342371
1,4,8,0.0139999995760534
1,4,9,0.01399999978017508
1,4,10,0.01399999979321018
1,4,11,0.01399999976362389
1,4,12,0.01399999975389767
1,4,13,0.01399999974389797
1,4,14,0.01399999978600148
1,4,15,0.01399999975288108
1,4,16,0.01399999979146981
1,4,17,0.0139999997486507
1,4,18,0.01399999978132708
1,4,19,0.01399999976096767
1,4,20,0.01399999977264938
1,4,21,0.01399999978202777
1,4,22,0.01399999967065348
1,4,23,0.01399999958520676
1,4,24,0.01399999962949996
1,5,1,1.466864377032386e-09
1,5,2,1.625894769013728e-09
1,5,3,1.280855121388855e-08
1,5,4,1.359902555987729e-08
1,5,5,1.992625638033305e-09
1,5,6,0.008377692274067691
1,5,7,0.01227405220724634
1,5,8,0.01399995781845269
1,5,9,0.0139999994905272
1,5,10,0.01399999954148275
1,5,11,0.01399999941939466
1,5,12,0.01399999937020356
1,5,13,0.01399999936535942
1,5,14,0.01399999949772403
1,5,15,0.01399999939959534
1,5,16,0.01399999950439869
1,5,17,0.01399999938404041
1,5,18,0.01399999953373697
1,5,19,0.01399999942268133
1,5,20,0.01399999948981067
1,5,21,0.01399999950809257
1,5,22,0.01399999729191587
1,5,23,4.799327069115087e-09
1,5,24,0.01399999164394412
2,1,1,0.01099999991845937
2,1,2,0.01099999991655322
2,1,3,0.01099999991911129
2,1,4,0.01099999991935837
2,1,5,0.01099999991861886
2,1,6,0.01099999992478602
2,1,7,0.01099999992232682
2,1,8,0.01099999991495782
2,1,9,0.01099999993414093
2,1,10,0.01099999993703863
2,1,11,0.0109999999348548
2,1,12,0.01099999993404821
2,1,13,0.01099999993082217
2,1,14,0.01099999993753334
2,1,15,0.0109999999315044
2,1,16,0.01099999993805434
2,1,17,0.01099999992789774
2,1,18,0.01099999994067873
2,1,19,0.01099999993623729
2,1,20,0.01099999993988343
2,1,21,0.01099999993554285
2,1,22,0.01099999992581385
2,1,23,0.01099999991611584
2,1,24,0.01099999992374877
2,2,1,0.01099999989315629
2,2,2,0.0109999998898544
2,2,3,0.01099999989463481
2,2,4,0.01099999989453309
2,2,5,0.01099999989341973
2,2,6,0.01099999990289486
2,2,7,0.01099999989990256
2,2,8,0.01099999988733596
2,2,9,0.01099999991747183
2,2,10,0.01099999992206181
2,2,11,0.01099999991778749
2,2,12,0.01099999991686433
2,2,13,0.01099999991272537
2,2,14,0.01099999992049738
2,2,15,0.01099999991392778
2,2,16,0.01099999992144643
2,2,17,0.01099999990808539
2,2,18,0.01099999992575713
2,2,19,0.01099999992000507
2,2,20,0.01099999992464477
2,2,21,0.01099999991993225
2,2,22,0.01099999990538698
2,2,23,0.01099999988871242
2,2,24,0.01099999990179984
2,3,1,0.01099999984736162
2,3,2,0.01099999984267903
2,3,3,0.01099999985241754
2,3,4,0.01099999985177782
2,3,5,0.01099999984854174
2,3,6,0.01099999986533032
2,3,7,0.01099999986151945
2,3,8,0.01099999983747502
2,3,9,0.01099999989137401
2,3,10,0.01099999989887861
2,3,11,0.01099999989059303
2,3,12,0.01099999988927402
2,3,13,0.01099999988344227
2,3,14,0.01099999989514747
2,3,15,0.01099999988565588
2,3,16,0.01099999989526739
2,3,17,0.01099999987657101
2,3,18,0.01099999990245193
2,3,19,0.01099999989425633
2,3,20,0.01099999990046773
2,3,21,0.01099999989524492
2,3,22,0.01099999987123879
2,3,23,0.01099999983957854
2,3,24,0.01099999986463682
2,4,1,0.01099999973971987
2,4,2,0.0109999997440721
2,4,3,0.01099999976868351
2,4,4,0.01099999976861694
2,4,5,0.01099999974684929
2,4,6,0.01099999978601984
2,4,7,0.01099999978075225
2,4,8,0.01099999972425092
2,4,9,0.010999999845616
2,4,10,0.01099999985822641
2,4,11,0.01099999984042486
2,4,12,0.01099999983819927
2,4,13,0.01099999982789265
2,4,14,0.01099999985029849
2,4,15,0.01099999983313829
2,4,16,0.01099999984853337
2,4,17,0.01099999982031882
2,4,18,0.01099999986127053
2,4,19,0.01099999984752515
2,4,20,0.01099999985669185
2,4,21,0.01099999985100467
2,4,22,0.01099999980275336
2,4,23,0.01099999972675364
2,4,24,0.01099999978816606
2,5,1,0.0109999991164013
2,5,2,0.01099999913017078
2,5,3,0.01099999886107374
2,5,4,0.01099999919056763
2,5,5,0.01099999920010902
2,5,6,0.01099999949170878
2,5,7,0.01099999949118865
2,5,8,0.01099999913628858
2,5,9,0.01099999973753955
2,5,10,0.01099999976790765
2,5,11,0.01099999972074229
2,5,12,0.01099999971656455
2,5,13,0.01099999969159183
2,5,14,0.01099999974426976
2,5,15,0.01099999970757423
2,5,16,0.0109999997398118
2,5,17,0.01099999970087303
2,5,18,0.01099999977260661
2,5,19,0.01099999973594025
2,5,20,0.01099999975590006
2,5,21,0.01099999975008581
2,5,22,0.01099999959009949
2,5,23,0.01099999904021098
2,5,24,0.0109999995383834
3,1,1,0.01299999976059505
3,1,2,0.01299999974973343
3,1,3,0.01299999980961463
3,1,4,0.01299999981943233
3,1,5,0.01299999975302845
3,1,6,0.01299999983665909
3,1,7,0.0129999998265292
3,1,8,0.01299999981005281
3,1,9,0.01299999986631953
3,1,10,0.01299999988270332
3,1,11,0.01299999987642442
3,1,12,0.01299999984624249
3,1,13,0.01299999984866439
3,1,14,0.01299999987884652
3,1,15,0.01299999987360993
3,1,16,0.01299999987627904
3,1,17,0.01299999984613973
3,1,18,0.01299999980986931
3,1,19,0.01299999984576526
3,1,20,0.01299999987740252
3,1,21,0.01299999985800744
3,1,22,0.01299999982420834
3,1,23,0.01299999979693031
3,1,24,0.01299999980970211
3,2,1,0.01299999959145377
3,2,2,0.01299999950377983
3,2,3,0.01299999970358224
3,2,4,0.012999999721993
3,2,5,0.01299999957953848
3,2,6,0.01299999975295019
3,2,7,0.01299999973585349
3,2,8,0.01299999969885224
3,2,9,0.01299999982124802
3,2,10,0.01299999984247775
3,2,11,0.01299999983343143
3,2,12,0.01299999978975375
3,2,13,0.01299999979313893
3,2,14,0.01299999983580486
3,2,15,0.01299999982937375
3,2,16,0.01299999983256003
3,2,17,0.0129999997919726
3,2,18,0.01299999972645233
3,2,19,0.01299999978898969
3,2,20,0.01299999983386629
3,2,21,0.01299999980755602
3,2,22,0.01299999973683573
3,2,23,0.01299999965635644
3,2,24,0.01299999971316891
3,3,1,0.01299999844049943
3,3,2,0.01299997113092576
3,3,3,0.0129999992569056
3,3,4,0.01299999933625137
3,3,5,0.01299999846753204
3,3,6,0.01299999950204387
3,3,7,0.01299999945671269
3,3,8,0.01299999933105112
3,3,9,0.01299999973248139
3,3,10,0.0129999997636169
3,3,11,0.01299999974968154
3,3,12,0.01299999967693066
3,3,13,0.01299999967944958
3,3,14,0.01299999974921587
3,3,15,0.01299999974213243
3,3,16,0.01299999974500043
3,3,17,0.01299999968168419
3,3,18,0.01299999956629038
3,3,19,0.01299999967240058
3,3,20,0.0129999997451251
3,3,21,0.01299999970499892
3,3,22,0.01299999947481295
3,3,23,0.01299999889532856
3,3,24,0.01299999941675564
3,4,1,1.408231402075145e-09
3,4,2,0.0
3,4,3,5.956293720302023e-09
3,4,4,5.718599837957685e-09
3,4,5,1.003156966398214e-09
3,4,6,0.0006068271026043465
3,4,7,1.605743056552148e-08
3,4,8,2.780591335031072e-08
3,4,9,0.01299999947270451
3,4,10,0.01299999953411223
3,4,11,0.01299999951449929
3,4,12,0.01299999935369409
3,4,13,0.01299999936023185
3,4,14,0.01299999948189825
3,4,15,0.01299999949208486
3,4,16,0.01299999947618202
3,4,17,0.01299999937610199
3,4,18,0.0129999991037793
3,4,19,0.01299999933385001
3,4,20,0.01299999946396596
3,4,21,0.01299999936247656
3,4,22,0.005292017477373185
3,4,23,1.026931598241663e-09
3,4,24,3.254770818444336e-08
3,5,1,0.0
3,5,2,0.0
3,5,3,0.0
3,5,4,0.0
3,5,5,0.0
3,5,6,0.0
3,5,7,0.0
3,5,8,0.0
3,5,9,0.0129999799069492
3,5,10,2.79393177298856e-07
3,5,11,0.01299999686006375
3,5,12,0.01299999548416881
3,5,13,0.01299999557618178
3,5,14,0.002775844102686967
3,5,15,0.01299999690480796
3,5,16,0.01123868343496356
3,5,17,0.0129999957493668
3,5,18,0.00436925321917172
3,5,19,0.01299999456125343
3,5,20,0.005938508826654337
3,5,21,0.01299997883099055
3,5,22,0.0
3,5,23,0.0
3,5,24,0.0
4,1,1,0.01499999997186519
4,1,2,0.01499999996907654
4,1,3,0.01499999997110433
4,1,4,0.01499999997102136
4,1,5,0.01499999997086455
4,1,6,0.01499999997354376
4,1,7,0.01499999997211926
4,1,8,0.01499999996246877
4,1,9,0.014999999973379
4,1,10,0.01499999997680983
4,1,11,0.01499999997558667
4,1,12,0.01499999997602032
4,1,13,0.0149999999745974
4,1,14,0.0149999999779323
4,1,15,0.01499999997555585
4,1,16,0.01499999997777563
4,1,17,0.01499999997329622
4,1,18,0.01499999997670266
4,1,19,0.01499999997668908
4,1,20,0.01499999997599834
4,1,21,0.01499999997306182
4,1,22,0.0149999999716264
4,1,23,0.0149999999717014
4,1,24,0.01499999997114045
4,2,1,0.01499999996443995
4,2,2,0.0149999999618546
4,2,3,0.01499999996446622
4,2,4,0.01499999996444689
4,2,5,0.01499999996345528
4,2,6,0.01499999996670748
4,2,7,0.01499999996528537
4,2,8,0.01499999995047726
4,2,9,0.01499999996785665
4,2,10,0.01499999997119607
4,2,11,0.0149999999699138
4,2,12,0.01499999997045789
4,2,13,0.01499999996863118
4,2,14,0.01499999997271259
4,2,15,0.01499999996979706
4,2,16,0.01499999997254827
4,2,17,0.0149999999676893
4,2,18,0.01499999997122224
4,2,19,0.01499999997125205
4,2,20,0.01499999997015203
4,2,21,0.01499999996736838
4,2,22,0.01499999996541513
4,2,23,0.01499999996445996
4,2,24,0.0149999999642902
4,3,1,0.01499999995367119
4,3,2,0.01499999995121049
4,3,3,0.01499999995457917
4,3,4,0.01499999995469979
4,3,5,0.01499999995333402
4,3,6,0.01499999995669149
4,3,7,0.01499999995615536
4,3,8,0.01499999992389253
4,3,9,0.01499999995993833
4,3,10,0.01499999996318398
4,3,11,0.01499999996184016
4,3,12,0.01499999996248099
4,3,13,0.01499999996077422
4,3,14,0.01499999996529581
4,3,15,0.01499999996167941
4,3,16,0.01499999996504843
4,3,17,0.01499999995962817
4,3,18,0.01499999996337285
4,3,19,0.014999999963447
4,3,20,0.01499999996182954
4,3,21,0.01499999995915342
4,3,22,0.01499999995622486
4,3,23,0.01499999995472553
4,3,24,0.01499999995387377
4,4,1,0.01499999993751884
4,4,2,0.01499999993358928
4,4,3,0.01499999993851385
4,4,4,0.01499999993904051
4,4,5,0.01499999993718356
4,4,6,0.01499999994160729
4,4,7,0.01499999994146009
4,4,8,0.01499999978710441
4,4,9,0.01499999994764865
4,4,10,0.0149999999510189
4,4,11,0.01499999995021266
4,4,12,0.01499999995043429
4,4,13,0.01499999994950364
4,4,14,0.01499999995395415
4,4,15,0.01499999995036289
4,4,16,0.01499999995370638
4,4,17,0.01499999994717566
4,4,18,0.01499999995143775
4,4,19,0.01499999995165506
4,4,20,0.01499999994920438
4,4,21,0.01499999994660058
4,4,22,0.014999999941291
4,4,23,0.01499999993925862
4,4,24,0.01499999993671568
4,5,1,0.01499999990472789
4,5,2,0.01499999989712076
4,5,3,0.01499999990714711
4,5,4,0.01499999990816601
4,5,5,0.01499999990532479
4,5,6,0.01499999991499815
4,5,7,0.01499999991409117
4,5,8,0.01499999977102243
4,5,9,0.01499999992597086
4,5,10,0.01499999993091432
4,5,11,0.01499999993148702
4,5,12,0.0149999999311983
4,5,13,0.01499999993070838
4,5,14,0.01499999993478005
4,5,15,0.01499999993167032
4,5,16,0.0149999999345658
4,5,17,0.0149999999262473
4,5,18,0.01499999993123333
4,5,19,0.01499999993187912
4,5,20,0.01499999992865641
4,5,21,0.0149999999265561
4,5,22,0.01499999991323717
4,5,23,0.01499999991000828
4,5,24,0.01499999990441878
5,1,1,0.01999999973881685
5,1,2,0.01999999972397402
5,1,3,0.01999999973116881
5,1,4,0.01999999971096523
5,1,5,0.019999999740158
5,1,6,0.01999999978436742
5,1,7,0.01999999978763085
5,1,8,0.01999999977531701
5,1,9,0.01999999983905732
5,1,10,0.0199999998543055
5,1,11,0.01999999982704653
5,1,12,0.01999999982395222
5,1,13,0.01999999976882429
5,1,14,0.01999999984130661
5,1,15,0.01999999981774796
5,1,16,0.01999999984285589
5,1,17,0.01999999972745063
5,1,18,0.01999999985610035
5,1,19,0.01999999982811643
5,1,20,0.0199999998434516
5,1,21,0.01999999983648121
5,1,22,0.01999999981250419
5,1,23,0.01999999976958272
5,1,24,0.01999999978442738
5,2,1,0.01338379383481382
5,2,2,0.0004538118139915218
5,2,3,0.01999999664943141
5,2,4,0.01999999618011238
5,2,5,0.01999998603605256
5,2,6,0.01999999844255062
5,2,7,0.01999999861131474
5,2,8,0.01999999850363015
5,2,9,0.01999999946162024
5,2,10,0.01999999961645098
5,2,11,0.0199999994613527
5,2,12,0.01999999946042181
5,2,13,0.01999999948560456
5,2,14,0.0199999995616653
5,2,15,0.01999999948431313
5,2,16,0.01999999957093105
5,2,17,0.01999999943742553
5,2,18,0.01999999853039065
5,2,19,0.01999999946655081
5,2,20,0.01999999902382176
5,2,21,0.01999999941595787
5,2,22,0.01999999917562904
5,2,23,0.01999999589581808
5,2,24,0.01999999891744021
5,3,1,0.0
5,3,2,0.0
5,3,3,0.0
5,3,4,0.0
5,3,5,0.0
5,3,6,0.0
5,3,7,0.0
5,3,8,0.0
5,3,9,0.0
5,3,10,0.0
5,3,11,0.0
5,3,12,1.072204744206948e-09
5,3,13,1.423300679923672e-09
5,3,14,0.0
5,3,15,1.720958696105152e-09
5,3,16,1.149108671870994e-09
5,3,17,2.169646942051295e-09
5,3,18,0.0
5,3,19,0.0
5,3,20,0.0
5,3,21,0.0
5,3,22,0.0
5,3,23,0.0
5,3,24,0.0
5,4,1,0.0
5,4,2,0.0
5,4,3,0.0
5,4,4,0.0
5,4,5,0.0
5,4,6,0.0
5,4,7,0.0
5,4,8,0.0
5,4,9,0.0
5,4,10,0.0
5,4,11,0.0
5,4,12,0.0
5,4,13,0.0
5,4,14,0.0
5,4,15,0.0
5,4,16,0.0
5,4,17,0.0
5,4,18,0.0
5,4,19,0.0
5,4,20,0.0
5,4,21,0.0
5,4,22,0.0
5,4,23,0.0
5,4,24,0.0
5,5,1,0.0
5,5,2,0.0
5,5,3,0.0
5,5,4,0.0
5,5,5,0.0
5,5,6,0.0
5,5,7,0.0
5,5,8,0.0
5,5,9,0.0
5,5,10,0.0
5,5,11,0.0
5,5,12,0.0
5,5,13,0.0
5,5,14,0.0
5,5,15,0.0
5,5,16,0.0
5,5,17,0.0
5,5,18,0.0
5,5,19,0.0
5,5,20,0.0
5,5,21,0.0
5,5,22,0.0
5,5,23,0.0
5,5,24,0.0
