index0,index1,VM.val
1,1,1.027735322284956
1,2,1.049772013349624
1,3,1.026332732154416
1,4,1.026297647306722
1,5,1.036686949087572
1,6,1.025386871411032
1,7,1.029449584162531
1,8,1.031242459456409
1,9,1.032013983483782
1,10,1.034118643770434
1,11,1.036112417246631
1,12,1.03580673548269
1,13,1.035453105238888
1,14,1.034415617942065
1,15,1.035155846694844
1,16,1.03345194202444
1,17,1.035470297724479
1,18,1.034190390155562
1,19,1.036434500652915
1,20,1.03365788108544
1,21,1.034636428041692
1,22,1.038900578514844
1,23,1.043297403048906
1,24,1.035610551591542
2,1,1.031184074246811
2,2,1.052371144991418
2,3,1.029765624589643
2,4,1.029730488215623
2,5,1.039643090323324
2,6,1.028893492545004
2,7,1.032641323860452
2,8,1.034364028800364
2,9,1.03554765208427
2,10,1.037211954096509
2,11,1.039621542730724
2,12,1.039305556644241
2,13,1.038944968455131
2,14,1.037441768592201
2,15,1.038647114784482
2,16,1.036627596076401
2,17,1.038984567318671
2,18,1.037294558196748
2,19,1.039986488563408
2,20,1.036852675480009
2,21,1.038213376486615
2,22,1.041808115277643
2,23,1.045980973845377
2,24,1.038604435117818
3,1,1.033536269499978
3,2,1.05414552955851
3,3,1.032106410464299
3,4,1.03207187236635
3,5,1.041661524053656
3,6,1.031289800600162
3,7,1.034829160081775
3,8,1.036511894992327
3,9,1.037984186731872
3,10,1.039355908434397
3,11,1.042054927821632
3,12,1.041736964490179
3,13,1.041374813101895
3,14,1.039555757878579
3,15,1.041078278712066
3,16,1.03884053416466
3,17,1.041423431126217
3,18,1.039446585582775
3,19,1.042437249921823
3,20,1.03905414030829
3,21,1.040670022745576
3,22,1.043805286208259
3,23,1.04782208533483
3,24,1.040652702505221
4,1,1.056660684546704
4,2,1.07159621407331
4,3,1.05511892912086
4,4,1.055095980293649
4,5,1.061533651303955
4,6,1.054916548832968
4,7,1.056461531631899
4,8,1.057813185890462
4,9,1.062184373881542
4,10,1.060725553189051
4,11,1.066301521383935
4,12,1.065981082007234
4,13,1.065614837607425
4,14,1.060693185564176
4,15,1.065314522669419
4,16,1.060905196646711
4,17,1.065662465263786
4,18,1.06081118527672
4,19,1.066686616767614
4,20,1.060808539148642
4,21,1.064899348749505
4,22,1.063491138503888
4,23,1.065960985807697
4,24,1.060806720072264
5,1,1.056768733519927
5,2,1.071699590256056
5,3,1.055226668299015
5,4,1.055203715370773
5,5,1.061638691130888
5,6,1.055026275613206
5,7,1.056568315938864
5,8,1.057919947151584
5,9,1.062373211703939
5,10,1.060864429826957
5,11,1.066505592837604
5,12,1.066185630536298
5,13,1.065819179692236
5,14,1.060842935105563
5,15,1.065519502826559
5,16,1.06107648196462
5,17,1.065867826172872
5,18,1.060964572650538
5,19,1.066892277730696
5,20,1.060966024591375
5,21,1.065089086183021
5,22,1.063610976296303
5,23,1.066066485161932
5,24,1.06091340128603
6,1,1.060662699195928
6,2,1.074414070061217
6,3,1.059097642745952
6,4,1.059075142933404
6,5,1.064854034785114
6,6,1.059004863422332
6,7,1.060143745513389
6,8,1.061422611623192
6,9,1.065572475101262
6,10,1.064027242121028
6,11,1.069519160227307
6,12,1.069193825632236
6,13,1.068831781064256
6,14,1.0638389556996
6,15,1.068525857829349
6,16,1.064040488199646
6,17,1.068874763137432
6,18,1.063978444083445
6,19,1.06990231530127
6,20,1.064022225529741
6,21,1.068300716928697
6,22,1.066632964804642
6,23,1.068910113056766
6,24,1.064179547287827
7,1,1.061763747770379
7,2,1.075197035676883
7,3,1.060192059513948
7,4,1.060168966935501
7,5,1.065770833879016
7,6,1.060128804244154
7,7,1.061160437238817
7,8,1.062422029735564
7,9,1.066518325488922
7,10,1.064947266778214
7,11,1.070423330628496
7,12,1.070096775426366
7,13,1.069736134672305
7,14,1.064717820988452
7,15,1.069428465486288
7,16,1.064915634088538
7,17,1.06977587938202
7,18,1.064859910653554
7,19,1.070802928904781
7,20,1.06491532789215
7,21,1.069246924131773
7,22,1.067505927962268
7,23,1.069730776757247
7,24,1.065112828082478
8,1,1.070598893864195
8,2,1.081489275242162
8,3,1.068971094761835
8,4,1.068945330401306
8,5,1.073136094140556
8,6,1.069165588678253
8,7,1.069365427522467
8,8,1.070523601092611
8,9,1.074309733620676
8,10,1.072485711642647
8,11,1.078013078074909
8,12,1.077698976500318
8,13,1.077360426368696
8,14,1.071998407835055
8,15,1.077048793897355
8,16,1.072159633657479
8,17,1.077353906631296
8,18,1.072102636850966
8,19,1.078323720687243
8,20,1.072200260535499
8,21,1.077006777313497
8,22,1.074583410792752
8,23,1.076370416191423
8,24,1.072634616941698
9,1,1.070952696286694
9,2,1.081742450164339
9,3,1.069322479223523
9,4,1.069296532081671
9,5,1.073431456979173
9,6,1.069527303967809
9,7,1.069694633197767
9,8,1.070849460935169
9,9,1.07461996114142
9,10,1.072790347773412
9,11,1.078312407828083
9,12,1.077998880062166
9,13,1.077661335391075
9,14,1.072293208340716
9,15,1.077349778813178
9,16,1.072453223402821
9,17,1.077653761979785
9,18,1.072396737589808
9,19,1.078621132303922
9,20,1.072495246613301
9,21,1.07731625160187
9,22,1.074869103027044
9,23,1.076638334679738
9,24,1.072937071905516
10,1,1.074406375737275
10,2,1.085178309504283
10,3,1.07278587930757
10,4,1.072769592681047
10,5,1.07689295880506
10,6,1.072985931772358
10,7,1.073116402010184
10,8,1.074232106931969
10,9,1.0779834897792
10,10,1.0761121878798
10,11,1.081697167694545
10,12,1.081359733536594
10,13,1.080996131252014
10,14,1.075570086314784
10,15,1.08064410495471
10,16,1.075713133952968
10,17,1.080946010310757
10,18,1.07563617587027
10,19,1.081947212133535
10,20,1.075779368233331
10,21,1.080669753429151
10,22,1.078207050987728
10,23,1.07999863534168
10,24,1.076335283185154
11,1,1.083480581155477
11,2,1.090468462712722
11,3,1.08225908250451
11,4,1.082247573529126
11,5,1.084736713197055
11,6,1.082665066210471
11,7,1.082834558035611
11,8,1.083491934600927
11,9,1.085674135503048
11,10,1.084487476290156
11,11,1.087843736237511
11,12,1.087633668729304
11,13,1.087422422678156
11,14,1.084149972494506
11,15,1.087236438889265
11,16,1.084301275783468
11,17,1.087507379394862
11,18,1.084354779300907
11,19,1.088236705524991
11,20,1.084514652393697
11,21,1.087452327055909
11,22,1.086047295405617
11,23,1.086585147318738
11,24,1.084941699426647
12,1,1.078546150487015
12,2,1.089302242676477
12,3,1.076922635104698
12,4,1.076906010754109
12,5,1.081009661079885
12,6,1.077089053583965
12,7,1.077176038344399
12,8,1.078247440157294
12,9,1.08197661965283
12,10,1.08007407140257
12,11,1.085746686450703
12,12,1.085410123581979
12,13,1.085048228220283
12,14,1.079597190085696
12,15,1.084716174333593
12,16,1.079779010980123
12,17,1.085062977925361
12,18,1.079708224541932
12,19,1.086107914318115
12,20,1.079883591433285
12,21,1.084831245172123
12,22,1.082324865689398
12,23,1.084115850280343
12,24,1.080466222756712
13,1,1.088855698870927
13,2,1.094280216412953
13,3,1.087796669206183
13,4,1.08779106745742
13,5,1.089603620975043
13,6,1.088312177599447
13,7,1.088521627322686
13,8,1.089026485786593
13,9,1.090635459176326
13,10,1.089714533036081
13,11,1.092274293417705
13,12,1.092127241486135
13,13,1.091979318755302
13,14,1.089510005726632
13,15,1.091847060476902
13,16,1.089637470336275
13,17,1.09205730923742
13,18,1.089667407455021
13,19,1.092620321968625
13,20,1.089792634825833
13,21,1.091971493063524
13,22,1.09093977747944
13,23,1.090951206562159
13,24,1.090132056647842
14,1,1.083450127856697
14,2,1.09043800941392
14,3,1.082229953262202
14,4,1.082217120230359
14,5,1.084703611499936
14,6,1.082625344113367
14,7,1.082782919152165
14,8,1.083424406556283
14,9,1.085590718138138
14,10,1.084388169535685
14,11,1.087732512288341
14,12,1.08751185168802
14,13,1.087293984924981
14,14,1.084017562290173
14,15,1.087104028697464
14,16,1.084174162162486
14,17,1.087390858906312
14,18,1.084252824250059
14,19,1.088147991702485
14,20,1.08443785561187
14,21,1.087386123112857
14,22,1.08598903605398
14,23,1.086534832526208
14,24,1.08489932916106
15,1,1.083309667808182
15,2,1.094049940878623
15,3,1.081683178698571
15,4,1.081660319952702
15,5,1.08574325990317
15,6,1.081818505216685
15,7,1.081884864936103
15,8,1.082937351347503
15,9,1.086658255940886
15,10,1.084728133272756
15,11,1.090494655805374
15,12,1.090158398929354
15,13,1.089797825256354
15,14,1.08432131327678
15,15,1.089480513044093
15,16,1.084526584828628
15,17,1.089851769337725
15,18,1.08443802312143
15,19,1.090923931177396
15,20,1.084637141861101
15,21,1.089645036828595
15,22,1.08708933084109
15,23,1.088874925585612
15,24,1.085231355919946
16,1,1.090109458419897
16,2,1.09518099097325
16,3,1.089085654308776
16,4,1.089080292130243
16,5,1.090738822231385
16,6,1.089624216109816
16,7,1.089840660825074
16,8,1.090311145346865
16,9,1.091811003748113
16,10,1.090930361673456
16,11,1.093348750046627
16,12,1.093215937440005
16,13,1.093082265349642
16,14,1.090757294437699
16,15,1.092962848580298
16,16,1.090881606158598
16,17,1.093161556718985
16,18,1.090908151875046
16,19,1.093690729164254
16,20,1.091026939273585
16,21,1.09305506338787
16,22,1.092086460800596
16,23,1.091978638203781
16,24,1.091344078803446
17,1,1.092993638048838
17,2,1.097296019903895
17,3,1.092045178503176
17,4,1.092037427011258
17,5,1.093361000912992
17,6,1.092629839677144
17,7,1.092868961703068
17,8,1.093267593446486
17,9,1.094458508093546
17,10,1.093741294886345
17,11,1.09571419245295
17,12,1.095615854094209
17,13,1.095520346145183
17,14,1.093648921945534
17,15,1.095433260663122
17,16,1.093768568269356
17,17,1.095609253971127
17,18,1.093791027718594
17,19,1.096061422418197
17,20,1.093894158935189
17,21,1.095514677960852
17,22,1.094757748013513
17,23,1.094384605270824
17,24,1.094151059749378
18,1,1.096101852322031
18,2,1.098820045457472
18,3,1.095310118953563
18,4,1.095298495767414
18,5,1.095938042497484
18,6,1.095582719066088
18,7,1.095695406874919
18,8,1.095889873939375
18,9,1.096524740913863
18,10,1.09611319189819
18,11,1.09722226780927
18,12,1.097200594669253
18,13,1.097183509021205
18,14,1.096154793915586
18,15,1.097157084502751
18,16,1.096249356583013
18,17,1.097252826243257
18,18,1.096268318115084
18,19,1.097513613027237
18,20,1.096299126345656
18,21,1.097126686260963
18,22,1.096741493121476
18,23,1.096530117979546
18,24,1.096395078556985
19,1,1.097111591391216
19,2,1.101375009552556
19,3,1.096162716933134
19,4,1.096146282277423
19,5,1.097440707396787
19,6,1.097299536303497
19,7,1.09779452559225
19,8,1.098301660662852
19,9,1.099495816087772
19,10,1.098733485553934
19,11,1.100807315978562
19,12,1.100701314917921
19,13,1.100602478376964
19,14,1.098683927753457
19,15,1.1005162311344
19,16,1.098804867206868
19,17,1.100707980357392
19,18,1.098790455374851
19,19,1.10118160374378
19,20,1.098933095925028
19,21,1.100573245566401
19,22,1.099802150511485
19,23,1.098467958374899
19,24,1.09920800975506
20,1,1.096256419279671
20,2,1.098901098903623
20,3,1.095471922959327
20,4,1.095459851623197
20,5,1.096067771013669
20,6,1.095729753398851
20,7,1.095837450000689
20,8,1.096023168980824
20,9,1.096629213968125
20,10,1.096235877624799
20,11,1.097297683437268
20,12,1.097279644870112
20,13,1.097266535189579
20,14,1.096283980694425
20,15,1.09724284717411
20,16,1.096376871685736
20,17,1.097334129199244
20,18,1.096394916164923
20,19,1.097585213041415
20,20,1.096422014433732
20,21,1.097208734031683
20,22,1.096844708615169
20,23,1.096641029792762
20,24,1.09650988125067
21,1,1.096045329834003
21,2,1.098690009485151
21,3,1.095265940757367
21,4,1.095257274257007
21,5,1.095866896081296
21,6,1.095518663995276
21,7,1.095605931307675
21,8,1.09576441104551
21,9,1.096348323934639
21,10,1.095943070219422
21,11,1.096999768585712
21,12,1.096980027537634
21,13,1.096966917856744
21,14,1.095980958375923
21,15,1.096941527425637
21,16,1.096073849501392
21,17,1.097032809644753
21,18,1.096095299164875
21,19,1.097294108542743
21,20,1.096141124764822
21,21,1.096939761607445
21,22,1.096589355830524
21,23,1.096399296585353
21,24,1.096278362676652
22,1,1.099710648345853
22,2,1.100917888002763
22,3,1.099055096302518
22,4,1.099026668766307
22,5,1.099013234045178
22,6,1.099034134107511
22,7,1.099087114451603
22,8,1.099162451034505
22,9,1.099259186091515
22,10,1.099251164510993
22,11,1.099403645530928
22,12,1.099461716488302
22,13,1.099526283091715
22,14,1.09945421161214
22,15,1.099566221839728
22,16,1.099524573913688
22,17,1.099585509734046
22,18,1.099532281158137
22,19,1.099631785651338
22,20,1.099441290981308
22,21,1.099395215425641
22,22,1.099405935104427
22,23,1.099317208916045
22,24,1.099236916610633
23,1,1.096028851776667
23,2,1.098673531427813
23,3,1.095249679517373
23,4,1.095241229834334
23,5,1.095851068475925
23,6,1.095501969120573
23,7,1.095587718710821
23,8,1.095744463907774
23,9,1.09632729270816
23,10,1.095921605357298
23,11,1.096978086905732
23,12,1.096958345857654
23,13,1.096945236176764
23,14,1.095959276695943
23,15,1.096920279381346
23,16,1.096053035092704
23,17,1.097012862507017
23,18,1.096076002480131
23,19,1.097275462310797
23,20,1.096122695350432
23,21,1.096921332193057
23,22,1.09657114323367
23,23,1.096381517623506
23,24,1.096261017349725
24,1,1.100046262269446
24,2,1.101197460219885
24,3,1.099424328783265
24,4,1.099397345246381
24,5,1.099386425049369
24,6,1.099398369161619
24,7,1.099443456070562
24,8,1.099506527259905
24,9,1.0995678422442
24,10,1.099582512246526
24,11,1.099676633367525
24,12,1.099737643261965
24,13,1.099799328861069
24,14,1.09977212126892
24,15,1.09983786343422
24,16,1.099843153145859
24,17,1.099863408473861
24,18,1.099860800335649
24,19,1.099916022852342
24,20,1.099781236748731
24,21,1.099717566923893
24,22,1.099752618147694
24,23,1.099672192216072
24,24,1.099596376460408
25,1,1.099699623552563
25,2,1.100906863209474
25,3,1.09904431650527
25,4,1.09901613396507
25,5,1.09900282174194
25,6,1.099023721804274
25,7,1.099076702148367
25,8,1.099151916233271
25,9,1.099248528792279
25,10,1.099240384713746
25,11,1.099392743235664
25,12,1.099450691695014
25,13,1.099515013302354
25,14,1.099442819324733
25,15,1.099554707054267
25,16,1.0995128141321
25,17,1.099573627454382
25,18,1.099520153882298
25,19,1.099619535877404
25,20,1.099429041207375
25,21,1.099383088149802
25,22,1.099393930326679
25,23,1.099305449134456
25,24,1.099225401825173
26,1,1.099171949050412
26,2,1.100323147188568
26,3,1.098573244015269
26,4,1.098555748375157
26,5,1.098534357333238
26,6,1.098498862514603
26,7,1.098449394688682
26,8,1.098380931587381
26,9,1.098310703287901
26,10,1.098216922531068
26,11,1.098239418251698
26,12,1.098298836110626
26,13,1.098319628901109
26,14,1.098263960258142
26,15,1.098326426033329
26,16,1.09834677437338
26,17,1.098413474541683
26,18,1.098476015419383
26,19,1.098571334621624
26,20,1.098519041768121
26,21,1.098523595550375
26,22,1.098626040698837
26,23,1.098616291229641
26,24,1.09861114876187
27,1,1.10060070604163
27,2,1.101437404726431
27,3,1.100149670974257
27,4,1.100131355608062
27,5,1.100119700693452
27,6,1.100117555615206
27,7,1.100131063131574
27,8,1.100154469089541
27,9,1.100179869683024
27,10,1.10017907271538
27,11,1.100240284451538
27,12,1.100280929203959
27,13,1.10032343582875
27,14,1.100302990031057
27,15,1.100354358171838
27,16,1.100364871423711
27,17,1.10038900745119
27,18,1.100399001290065
27,19,1.10045058426385
27,20,1.100364099400029
27,21,1.100327772696891
27,22,1.100361550114401
27,23,1.100310701969343
27,24,1.100263130261196
28,1,1.099142304214649
28,2,1.100293502353078
28,3,1.098544334192135
28,4,1.098527328558951
28,5,1.09850581501796
28,6,1.098469217573734
28,7,1.098417422133027
28,8,1.0983456513229
28,9,1.098272115260884
28,10,1.098175884232853
28,11,1.098196909746885
28,12,1.098255102413811
28,13,1.098274915082104
28,14,1.098218511336545
28,15,1.098280854599753
28,16,1.098301325501339
28,17,1.098368883319555
28,18,1.098432649404127
28,19,1.098529438820248
28,20,1.098478983680199
28,21,1.098485620161845
28,22,1.098589780461239
28,23,1.098581868614763
28,24,1.098578563736207
29,1,1.100817864088255
29,2,1.101541067866297
29,3,1.10042851929703
29,4,1.100413807272309
29,5,1.100403787499783
29,6,1.100399883278003
29,7,1.100406744964869
29,8,1.100421062395354
29,9,1.100438728340563
29,10,1.100436150447796
29,11,1.100488336949611
29,12,1.10052305808948
29,13,1.100559594156264
29,14,1.100541588324966
29,15,1.100586344478502
29,16,1.100596367304392
29,17,1.100618103165564
29,18,1.100627893761696
29,19,1.100673887878403
29,20,1.100601032048236
29,21,1.100571721982107
29,22,1.10060266440285
29,23,1.100561064659559
29,24,1.100522260244976
30,1,1.099123716690303
30,2,1.100274914828733
30,3,1.098526178947859
30,4,1.098509605586041
30,5,1.098488092045048
30,6,1.098450918233375
30,7,1.098397681870908
30,8,1.098323893752091
30,9,1.098248340369887
30,10,1.098151100664419
30,11,1.09817183797639
30,12,1.098229886542006
30,13,1.098249555122546
30,14,1.098192863173861
30,15,1.098255206422975
30,16,1.098275533193481
30,17,1.098343090966755
30,18,1.09840700110822
30,19,1.098504222818453
30,20,1.098454632278879
30,21,1.098462421558532
30,22,1.098567590559391
30,23,1.098560687394902
30,24,1.098558391172128
31,1,1.099091182321046
31,2,1.100242380459475
31,3,1.098495434989558
31,4,1.098476206665348
31,5,1.098450247025611
31,6,1.09840253581723
31,7,1.09833073544985
31,8,1.09823229111719
31,9,1.098132081183296
31,10,1.098009175997869
31,11,1.098010195626776
31,12,1.098050605155284
31,13,1.098059303287606
31,14,1.09799623079225
31,15,1.098058574056154
31,16,1.098087936618903
31,17,1.098173277649721
31,18,1.098261495411789
31,19,1.098380513385395
31,20,1.098350063768207
31,21,1.098374482762228
31,22,1.098491979850204
31,23,1.098497404710338
31,24,1.098507436456365
32,1,1.101522055221914
32,2,1.101925199675003
32,3,1.101306998941923
32,4,1.10129996750704
32,5,1.101294680756901
32,6,1.10129118298837
32,7,1.101291179790999
32,8,1.101292936743483
32,9,1.10129646263867
32,10,1.101291479315434
32,11,1.101317543205615
32,12,1.101335119452737
32,13,1.10135437495692
32,14,1.101343431517459
32,15,1.101366301231863
32,16,1.101369407159032
32,17,1.10137869767813
32,18,1.101382402200677
32,19,1.101408097441991
32,20,1.101373312636941
32,21,1.101362935952427
32,22,1.101384299080214
32,23,1.101366718390456
32,24,1.101349165275457
33,1,1.099062528097373
33,2,1.1002137262358
33,3,1.098467539916401
33,4,1.098452241334122
33,5,1.098430727793113
33,6,1.098391004421547
33,7,1.098331394145335
33,8,1.098247407717216
33,9,1.098161655978265
33,10,1.098058042282535
33,11,1.098076229980858
33,12,1.098133003742912
33,13,1.09815267232388
33,14,1.098093430773869
33,15,1.098154499208288
33,16,1.09817100155504
33,17,1.098234734898525
33,18,1.098296095415604
33,19,1.098395866750319
33,20,1.098352650257234
33,21,1.098369363168984
33,22,1.098483455768952
33,23,1.09848420136575
33,24,1.098487004301244
34,1,1.102499987899125
34,2,1.102499944825972
34,3,1.102499987805931
34,4,1.10249998548382
34,5,1.102499972446025
34,6,1.102499988307325
34,7,1.102499985293132
34,8,1.102499985484103
34,9,1.102499995321419
34,10,1.102499980842375
34,11,1.102499996047402
34,12,1.10249999722524
34,13,1.102499996819045
34,14,1.102499980603428
34,15,1.102499994868421
34,16,1.102499980083621
34,17,1.10249999652739
34,18,1.102499978532017
34,19,1.102499996808627
34,20,1.102499981787607
34,21,1.102499993184111
34,22,1.102499969718567
34,23,1.102499970559097
34,24,1.102499981267421
