index0,index1,index2,rho_U.val
1,1,1,34.6
1,1,2,29.59369262827145
1,1,3,29.59369260312942
1,1,4,29.59369260312941
1,1,5,34.6
1,1,6,65.07999842129064
1,1,7,69.19999973362323
1,1,8,69.2
1,1,9,69.2
1,1,10,69.1999998680964
1,1,11,85.84543252258621
1,1,12,85.84543252258501
1,1,13,78.66681954073422
1,1,14,78.66681954073417
1,1,15,78.66681954073417
1,1,16,78.66681944963702
1,1,17,78.66681954073422
1,1,18,78.66681954073422
1,1,19,85.84543252258518
1,1,20,85.84543252258456
1,1,21,69.2
1,1,22,34.60000189284278
1,1,23,34.6
1,1,24,29.59369260312958
1,2,1,0.0
1,2,2,0.0
1,2,3,0.0
1,2,4,0.0
1,2,5,0.0
1,2,6,30.47999842129066
1,2,7,34.59999973362326
1,2,8,34.6
1,2,9,34.6
1,2,10,34.5999998680964
1,2,11,51.24543252258621
1,2,12,51.24543252258502
1,2,13,44.06681954073423
1,2,14,44.06681954073417
1,2,15,44.06681954073417
1,2,16,44.06681944963702
1,2,17,44.06681954073423
1,2,18,44.06681954073423
1,2,19,51.24543252258519
1,2,20,51.24543252258458
1,2,21,34.6
1,2,22,1.892842782069692e-06
1,2,23,0.0
1,2,24,0.0
1,3,1,0.0
1,3,2,0.0
1,3,3,0.0
1,3,4,0.0
1,3,5,0.0
1,3,6,0.0
1,3,7,0.0
1,3,8,0.0
1,3,9,0.0
1,3,10,0.0
1,3,11,16.64543252258617
1,3,12,16.64543252258498
1,3,13,9.46681954073418
1,3,14,9.466819540734178
1,3,15,9.466819540734178
1,3,16,9.466819449636988
1,3,17,9.466819540734193
1,3,18,9.46681954073418
1,3,19,16.64543252258514
1,3,20,16.64543252258456
1,3,21,0.0
1,3,22,0.0
1,3,23,0.0
1,3,24,0.0
1,4,1,0.0
1,4,2,0.0
1,4,3,0.0
1,4,4,0.0
1,4,5,0.0
1,4,6,0.0
1,4,7,0.0
1,4,8,0.0
1,4,9,0.0
1,4,10,0.0
1,4,11,0.0
1,4,12,0.0
1,4,13,0.0
1,4,14,0.0
1,4,15,0.0
1,4,16,0.0
1,4,17,0.0
1,4,18,0.0
1,4,19,0.0
1,4,20,0.0
1,4,21,0.0
1,4,22,0.0
1,4,23,0.0
1,4,24,0.0
1,5,1,0.0
1,5,2,0.0
1,5,3,0.0
1,5,4,0.0
1,5,5,0.0
1,5,6,0.0
1,5,7,0.0
1,5,8,0.0
1,5,9,0.0
1,5,10,0.0
1,5,11,0.0
1,5,12,0.0
1,5,13,0.0
1,5,14,0.0
1,5,15,0.0
1,5,16,0.0
1,5,17,0.0
1,5,18,0.0
1,5,19,0.0
1,5,20,0.0
1,5,21,0.0
1,5,22,0.0
1,5,23,0.0
1,5,24,0.0
2,1,1,95.45042618384394
2,1,2,99.5999999414981
2,1,3,99.6
2,1,4,99.6
2,1,5,103.2309028164655
2,1,6,125.3369988460533
2,1,7,131.5424371392971
2,1,8,136.1055711338079
2,1,9,136.1055711338079
2,1,10,136.1055710161277
2,1,11,148.177931665509
2,1,12,148.1779316655084
2,1,13,149.4
2,1,14,149.4
2,1,15,149.4
2,1,16,149.3999999219646
2,1,17,149.4
2,1,18,149.4
2,1,19,148.1779316655084
2,1,20,148.1779316655081
2,1,21,131.5424373473685
2,1,22,103.2309041752644
2,1,23,103.2309027951313
2,1,24,99.6
2,2,1,45.65042618384393
2,2,2,49.79999994149809
2,2,3,49.8
2,2,4,49.8
2,2,5,53.4309028164655
2,2,6,75.53699884605328
2,2,7,81.74243713929707
2,2,8,86.30557113380786
2,2,9,86.30557113380792
2,2,10,86.30557101612771
2,2,11,98.37793166550898
2,2,12,98.37793166550841
2,2,13,99.6
2,2,14,99.6
2,2,15,99.6
2,2,16,99.59999992196464
2,2,17,99.6
2,2,18,99.6
2,2,19,98.37793166550841
2,2,20,98.37793166550813
2,2,21,81.74243734736848
2,2,22,53.43090417526435
2,2,23,53.43090279513126
2,2,24,49.8
2,3,1,0.0
2,3,2,0.0
2,3,3,0.0
2,3,4,0.0
2,3,5,3.63090281646555
2,3,6,25.73699884605331
2,3,7,31.94243713929709
2,3,8,36.5055711338079
2,3,9,36.50557113380796
2,3,10,36.50557101612774
2,3,11,48.57793166550903
2,3,12,48.57793166550846
2,3,13,49.8
2,3,14,49.8
2,3,15,49.8
2,3,16,49.79999992196468
2,3,17,49.8
2,3,18,49.8
2,3,19,48.57793166550846
2,3,20,48.5779316655082
2,3,21,31.94243734736851
2,3,22,3.630904175264407
2,3,23,3.630902795131311
2,3,24,0.0
2,4,1,0.0
2,4,2,0.0
2,4,3,0.0
2,4,4,0.0
2,4,5,0.0
2,4,6,0.0
2,4,7,0.0
2,4,8,0.0
2,4,9,0.0
2,4,10,0.0
2,4,11,0.0
2,4,12,0.0
2,4,13,0.0
2,4,14,0.0
2,4,15,0.0
2,4,16,0.0
2,4,17,0.0
2,4,18,0.0
2,4,19,0.0
2,4,20,0.0
2,4,21,0.0
2,4,22,0.0
2,4,23,0.0
2,4,24,0.0
2,5,1,0.0
2,5,2,0.0
2,5,3,0.0
2,5,4,0.0
2,5,5,0.0
2,5,6,0.0
2,5,7,0.0
2,5,8,0.0
2,5,9,0.0
2,5,10,0.0
2,5,11,0.0
2,5,12,0.0
2,5,13,0.0
2,5,14,0.0
2,5,15,0.0
2,5,16,0.0
2,5,17,0.0
2,5,18,0.0
2,5,19,0.0
2,5,20,0.0
2,5,21,0.0
2,5,22,0.0
2,5,23,0.0
2,5,24,0.0
3,1,1,0.0
3,1,2,11.3799584630134
3,1,3,11.37995860597437
3,1,4,11.37995860597437
3,1,5,13.60963249767873
3,1,6,27.1845992788711
3,1,7,35.51463033649337
3,1,8,44.72657462086041
3,1,9,44.72657462086056
3,1,10,44.72657451753005
3,1,11,52.13999999999999
3,1,12,52.13999999999999
3,1,13,61.92047930378823
3,1,14,61.92047930378823
3,1,15,61.92047930378823
3,1,16,61.92047920233688
3,1,17,61.92047930378823
3,1,18,61.92047930378823
3,1,19,52.13999999999999
3,1,20,52.13999999999999
3,1,21,35.51463048421054
3,1,22,13.6096333132782
3,1,23,13.60963245458971
3,1,24,11.37995860597444
3,2,1,0.0
3,2,2,0.0
3,2,3,0.0
3,2,4,0.0
3,2,5,0.0
3,2,6,0.0
3,2,7,0.0
3,2,8,0.0
3,2,9,0.0
3,2,10,0.0
3,2,11,0.0
3,2,12,0.0
3,2,13,9.78047930378824
3,2,14,9.780479303788248
3,2,15,9.78047930378824
3,2,16,9.780479202336885
3,2,17,9.78047930378824
3,2,18,9.78047930378824
3,2,19,0.0
3,2,20,0.0
3,2,21,0.0
3,2,22,0.0
3,2,23,0.0
3,2,24,0.0
3,3,1,0.0
3,3,2,0.0
3,3,3,0.0
3,3,4,0.0
3,3,5,0.0
3,3,6,0.0
3,3,7,0.0
3,3,8,0.0
3,3,9,0.0
3,3,10,0.0
3,3,11,0.0
3,3,12,0.0
3,3,13,0.0
3,3,14,0.0
3,3,15,0.0
3,3,16,0.0
3,3,17,0.0
3,3,18,0.0
3,3,19,0.0
3,3,20,0.0
3,3,21,0.0
3,3,22,0.0
3,3,23,0.0
3,3,24,0.0
3,4,1,0.0
3,4,2,0.0
3,4,3,0.0
3,4,4,0.0
3,4,5,0.0
3,4,6,0.0
3,4,7,0.0
3,4,8,0.0
3,4,9,0.0
3,4,10,0.0
3,4,11,0.0
3,4,12,0.0
3,4,13,0.0
3,4,14,0.0
3,4,15,0.0
3,4,16,0.0
3,4,17,0.0
3,4,18,0.0
3,4,19,0.0
3,4,20,0.0
3,4,21,0.0
3,4,22,0.0
3,4,23,0.0
3,4,24,0.0
3,5,1,0.0
3,5,2,0.0
3,5,3,0.0
3,5,4,0.0
3,5,5,0.0
3,5,6,0.0
3,5,7,0.0
3,5,8,0.0
3,5,9,0.0
3,5,10,0.0
3,5,11,0.0
3,5,12,0.0
3,5,13,0.0
3,5,14,0.0
3,5,15,0.0
3,5,16,0.0
3,5,17,0.0
3,5,18,0.0
3,5,19,0.0
3,5,20,0.0
3,5,21,0.0
3,5,22,0.0
3,5,23,0.0
3,5,24,0.0
4,1,1,0.0
4,1,2,27.13382206055764
4,1,3,27.1338223328591
4,1,4,27.1338223328591
4,1,5,27.23350430207358
4,1,6,27.84039993682063
4,1,7,39.39999994392664
4,1,8,55.67854711647578
4,1,9,55.67854711647595
4,1,10,55.67854703515157
4,1,11,56.00997892054579
4,1,12,56.00997892054681
4,1,13,78.8
4,1,14,78.8
4,1,15,78.8
4,1,16,78.79999987522484
4,1,17,78.8
4,1,18,78.8
4,1,19,56.00997892054664
4,1,20,56.00997892054703
4,1,21,39.4
4,1,22,27.23350429193156
4,1,23,27.233504225903
4,1,24,27.1338223328591
4,2,1,0.0
4,2,2,0.0
4,2,3,0.0
4,2,4,0.0
4,2,5,0.0
4,2,6,0.0
4,2,7,0.0
4,2,8,16.27854711647575
4,2,9,16.27854711647594
4,2,10,16.27854703515153
4,2,11,16.60997892054577
4,2,12,16.60997892054676
4,2,13,39.4
4,2,14,39.4
4,2,15,39.4
4,2,16,39.39999987522481
4,2,17,39.4
4,2,18,39.4
4,2,19,16.60997892054663
4,2,20,16.609978920547
4,2,21,0.0
4,2,22,0.0
4,2,23,0.0
4,2,24,0.0
4,3,1,0.0
4,3,2,0.0
4,3,3,0.0
4,3,4,0.0
4,3,5,0.0
4,3,6,0.0
4,3,7,0.0
4,3,8,0.0
4,3,9,0.0
4,3,10,0.0
4,3,11,0.0
4,3,12,0.0
4,3,13,0.0
4,3,14,0.0
4,3,15,0.0
4,3,16,0.0
4,3,17,0.0
4,3,18,0.0
4,3,19,0.0
4,3,20,0.0
4,3,21,0.0
4,3,22,0.0
4,3,23,0.0
4,3,24,0.0
4,4,1,0.0
4,4,2,0.0
4,4,3,0.0
4,4,4,0.0
4,4,5,0.0
4,4,6,0.0
4,4,7,0.0
4,4,8,0.0
4,4,9,0.0
4,4,10,0.0
4,4,11,0.0
4,4,12,0.0
4,4,13,0.0
4,4,14,0.0
4,4,15,0.0
4,4,16,0.0
4,4,17,0.0
4,4,18,0.0
4,4,19,0.0
4,4,20,0.0
4,4,21,0.0
4,4,22,0.0
4,4,23,0.0
4,4,24,0.0
4,5,1,0.0
4,5,2,0.0
4,5,3,0.0
4,5,4,0.0
4,5,5,0.0
4,5,6,0.0
4,5,7,0.0
4,5,8,0.0
4,5,9,0.0
4,5,10,0.0
4,5,11,0.0
4,5,12,0.0
4,5,13,0.0
4,5,14,0.0
4,5,15,0.0
4,5,16,0.0
4,5,17,0.0
4,5,18,0.0
4,5,19,0.0
4,5,20,0.0
4,5,21,0.0
4,5,22,0.0
4,5,23,0.0
4,5,24,0.0
5,1,1,28.31999999999999
5,1,2,56.63999972179141
5,1,3,56.63999999999999
5,1,4,56.63999999999999
5,1,5,56.63999999999999
5,1,6,56.63999996761441
5,1,7,68.35074129592374
5,1,8,84.95999999999998
5,1,9,84.9600000000002
5,1,10,84.95999992010388
5,1,11,84.95999999999998
5,1,12,84.9600000000002
5,1,13,108.3588575398567
5,1,14,108.3588575398567
5,1,15,108.3588575398567
5,1,16,108.3588574144487
5,1,17,108.3588575398567
5,1,18,108.3588575398567
5,1,19,84.95999999999998
5,1,20,84.96000000000043
5,1,21,68.35074134736834
5,1,22,56.63999995176187
5,1,23,56.63999992223251
5,1,24,56.63999999999999
5,2,1,0.0
5,2,2,28.31999972179142
5,2,3,28.31999999999999
5,2,4,28.32000000000002
5,2,5,28.31999999999999
5,2,6,28.31999996761442
5,2,7,40.03074129592375
5,2,8,56.63999999999999
5,2,9,56.64000000000021
5,2,10,56.63999992010389
5,2,11,56.63999999999999
5,2,12,56.64000000000021
5,2,13,80.03885753985674
5,2,14,80.03885753985674
5,2,15,80.03885753985674
5,2,16,80.03885741444867
5,2,17,80.03885753985674
5,2,18,80.03885753985674
5,2,19,56.63999999999999
5,2,20,56.6400000000011
5,2,21,40.03074134736835
5,2,22,28.31999995176188
5,2,23,28.31999992223251
5,2,24,28.31999999999999
5,3,1,0.0
5,3,2,0.0
5,3,3,0.0
5,3,4,0.0
5,3,5,0.0
5,3,6,0.0
5,3,7,11.71074129592375
5,3,8,28.32000000000005
5,3,9,28.32000000000053
5,3,10,28.3199999201039
5,3,11,28.31999999999914
5,3,12,28.3200000000004
5,3,13,51.71885753985676
5,3,14,51.71885753985676
5,3,15,51.71885753985676
5,3,16,51.71885741444868
5,3,17,51.71885753985673
5,3,18,51.71885753985676
5,3,19,28.32000000000005
5,3,20,28.32000000000067
5,3,21,11.71074134736836
5,3,22,0.0
5,3,23,0.0
5,3,24,0.0
5,4,1,0.0
5,4,2,0.0
5,4,3,0.0
5,4,4,0.0
5,4,5,0.0
5,4,6,0.0
5,4,7,0.0
5,4,8,0.0
5,4,9,0.0
5,4,10,0.0
5,4,11,0.0
5,4,12,0.0
5,4,13,23.39885753985671
5,4,14,23.39885753985671
5,4,15,23.39885753985671
5,4,16,23.39885741444863
5,4,17,23.39885753985668
5,4,18,23.39885753985671
5,4,19,0.0
5,4,20,0.0
5,4,21,0.0
5,4,22,0.0
5,4,23,0.0
5,4,24,0.0
5,5,1,0.0
5,5,2,0.0
5,5,3,0.0
5,5,4,0.0
5,5,5,0.0
5,5,6,0.0
5,5,7,0.0
5,5,8,0.0
5,5,9,0.0
5,5,10,0.0
5,5,11,0.0
5,5,12,0.0
5,5,13,0.0
5,5,14,0.0
5,5,15,0.0
5,5,16,0.0
5,5,17,0.0
5,5,18,0.0
5,5,19,0.0
5,5,20,0.0
5,5,21,0.0
5,5,22,0.0
5,5,23,0.0
5,5,24,0.0
