index0,index1,index2,Dist_Flow.val
1,2,1,0
1,2,2,0
1,2,3,0
1,2,4,0
1,2,5,0
1,2,6,0
1,2,7,0
1,2,8,0
1,2,9,0
1,2,10,0
1,2,11,0
1,2,12,0
1,2,13,0
1,2,14,0
1,2,15,0
1,2,16,0
1,2,17,0
1,2,18,0
1,2,19,0
1,2,20,0
1,2,21,0
1,2,22,0
1,2,23,0
1,2,24,0
2,3,1,0
2,3,2,0
2,3,3,0
2,3,4,0
2,3,5,0
2,3,6,0
2,3,7,0
2,3,8,0
2,3,9,0
2,3,10,0
2,3,11,0
2,3,12,0
2,3,13,0
2,3,14,0
2,3,15,0
2,3,16,0
2,3,17,0
2,3,18,0
2,3,19,0
2,3,20,0
2,3,21,0
2,3,22,0
2,3,23,0
2,3,24,0
3,4,1,0
3,4,2,0
3,4,3,0
3,4,4,0
3,4,5,0
3,4,6,0
3,4,7,0
3,4,8,0
3,4,9,0
3,4,10,0
3,4,11,0
3,4,12,0
3,4,13,0
3,4,14,0
3,4,15,0
3,4,16,0
3,4,17,0
3,4,18,0
3,4,19,0
3,4,20,0
3,4,21,0
3,4,22,0
3,4,23,0
3,4,24,0
4,5,1,0
4,5,2,0
4,5,3,0
4,5,4,0
4,5,5,0
4,5,6,0
4,5,7,0
4,5,8,0
4,5,9,0
4,5,10,0
4,5,11,0
4,5,12,0
4,5,13,0
4,5,14,0
4,5,15,0
4,5,16,0
4,5,17,0
4,5,18,0
4,5,19,0
4,5,20,0
4,5,21,0
4,5,22,0
4,5,23,0
4,5,24,0
4,6,1,0
4,6,2,0
4,6,3,0
4,6,4,0
4,6,5,0
4,6,6,0
4,6,7,0
4,6,8,0
4,6,9,0
4,6,10,0
4,6,11,0
4,6,12,0
4,6,13,0
4,6,14,0
4,6,15,0
4,6,16,0
4,6,17,0
4,6,18,0
4,6,19,0
4,6,20,0
4,6,21,0
4,6,22,0
4,6,23,0
4,6,24,0
6,7,1,0
6,7,2,0
6,7,3,0
6,7,4,0
6,7,5,0
6,7,6,0
6,7,7,0
6,7,8,0
6,7,9,0
6,7,10,0
6,7,11,0
6,7,12,0
6,7,13,0
6,7,14,0
6,7,15,0
6,7,16,0
6,7,17,0
6,7,18,0
6,7,19,0
6,7,20,0
6,7,21,0
6,7,22,0
6,7,23,0
6,7,24,0
7,8,1,0
7,8,2,0
7,8,3,0
7,8,4,0
7,8,5,0
7,8,6,0
7,8,7,0
7,8,8,0
7,8,9,0
7,8,10,0
7,8,11,0
7,8,12,0
7,8,13,0
7,8,14,0
7,8,15,0
7,8,16,0
7,8,17,0
7,8,18,0
7,8,19,0
7,8,20,0
7,8,21,0
7,8,22,0
7,8,23,0
7,8,24,0
8,9,1,0
8,9,2,0
8,9,3,0
8,9,4,0
8,9,5,0
8,9,6,0
8,9,7,0
8,9,8,0
8,9,9,0
8,9,10,0
8,9,11,0
8,9,12,0
8,9,13,0
8,9,14,0
8,9,15,0
8,9,16,0
8,9,17,0
8,9,18,0
8,9,19,0
8,9,20,0
8,9,21,0
8,9,22,0
8,9,23,0
8,9,24,0
9,10,1,0
9,10,2,0
9,10,3,0
9,10,4,0
9,10,5,0
9,10,6,0
9,10,7,0
9,10,8,0
9,10,9,0
9,10,10,0
9,10,11,0
9,10,12,0
9,10,13,0
9,10,14,0
9,10,15,0
9,10,16,0
9,10,17,0
9,10,18,0
9,10,19,0
9,10,20,0
9,10,21,0
9,10,22,0
9,10,23,0
9,10,24,0
9,11,1,0
9,11,2,0
9,11,3,0
9,11,4,0
9,11,5,0
9,11,6,0
9,11,7,0
9,11,8,0
9,11,9,0
9,11,10,0
9,11,11,0
9,11,12,0
9,11,13,0
9,11,14,0
9,11,15,0
9,11,16,0
9,11,17,0
9,11,18,0
9,11,19,0
9,11,20,0
9,11,21,0
9,11,22,0
9,11,23,0
9,11,24,0
10,12,1,0
10,12,2,0
10,12,3,0
10,12,4,0
10,12,5,0
10,12,6,0
10,12,7,0
10,12,8,0
10,12,9,0
10,12,10,0
10,12,11,0
10,12,12,0
10,12,13,0
10,12,14,0
10,12,15,0
10,12,16,0
10,12,17,0
10,12,18,0
10,12,19,0
10,12,20,0
10,12,21,0
10,12,22,0
10,12,23,0
10,12,24,0
11,13,1,0
11,13,2,0
11,13,3,0
11,13,4,0
11,13,5,0
11,13,6,0
11,13,7,0
11,13,8,0
11,13,9,0
11,13,10,0
11,13,11,0
11,13,12,0
11,13,13,0
11,13,14,0
11,13,15,0
11,13,16,0
11,13,17,0
11,13,18,0
11,13,19,0
11,13,20,0
11,13,21,0
11,13,22,0
11,13,23,0
11,13,24,0
11,14,1,0
11,14,2,0
11,14,3,0
11,14,4,0
11,14,5,0
11,14,6,0
11,14,7,0
11,14,8,0
11,14,9,0
11,14,10,0
11,14,11,0
11,14,12,0
11,14,13,0
11,14,14,0
11,14,15,0
11,14,16,0
11,14,17,0
11,14,18,0
11,14,19,0
11,14,20,0
11,14,21,0
11,14,22,0
11,14,23,0
11,14,24,0
12,15,1,0
12,15,2,0
12,15,3,0
12,15,4,0
12,15,5,0
12,15,6,0
12,15,7,0
12,15,8,0
12,15,9,0
12,15,10,0
12,15,11,0
12,15,12,0
12,15,13,0
12,15,14,0
12,15,15,0
12,15,16,0
12,15,17,0
12,15,18,0
12,15,19,0
12,15,20,0
12,15,21,0
12,15,22,0
12,15,23,0
12,15,24,0
13,16,1,0
13,16,2,0
13,16,3,0
13,16,4,0
13,16,5,0
13,16,6,0
13,16,7,0
13,16,8,0
13,16,9,0
13,16,10,0
13,16,11,0
13,16,12,0
13,16,13,0
13,16,14,0
13,16,15,0
13,16,16,0
13,16,17,0
13,16,18,0
13,16,19,0
13,16,20,0
13,16,21,0
13,16,22,0
13,16,23,0
13,16,24,0
16,17,1,0
16,17,2,0
16,17,3,0
16,17,4,0
16,17,5,0
16,17,6,0
16,17,7,0
16,17,8,0
16,17,9,0
16,17,10,0
16,17,11,0
16,17,12,0
16,17,13,0
16,17,14,0
16,17,15,0
16,17,16,0
16,17,17,0
16,17,18,0
16,17,19,0
16,17,20,0
16,17,21,0
16,17,22,0
16,17,23,0
16,17,24,0
17,18,1,0
17,18,2,0
17,18,3,0
17,18,4,0
17,18,5,0
17,18,6,0
17,18,7,0
17,18,8,0
17,18,9,0
17,18,10,0
17,18,11,0
17,18,12,0
17,18,13,0
17,18,14,0
17,18,15,0
17,18,16,0
17,18,17,0
17,18,18,0
17,18,19,0
17,18,20,0
17,18,21,0
17,18,22,0
17,18,23,0
17,18,24,0
17,19,1,0
17,19,2,0
17,19,3,0
17,19,4,0
17,19,5,0
17,19,6,0
17,19,7,0
17,19,8,0
17,19,9,0
17,19,10,0
17,19,11,0
17,19,12,0
17,19,13,0
17,19,14,0
17,19,15,0
17,19,16,0
17,19,17,0
17,19,18,0
17,19,19,0
17,19,20,0
17,19,21,0
17,19,22,0
17,19,23,0
17,19,24,0
18,20,1,0
18,20,2,0
18,20,3,0
18,20,4,0
18,20,5,0
18,20,6,0
18,20,7,0
18,20,8,0
18,20,9,0
18,20,10,0
18,20,11,0
18,20,12,0
18,20,13,0
18,20,14,0
18,20,15,0
18,20,16,0
18,20,17,0
18,20,18,0
18,20,19,0
18,20,20,0
18,20,21,0
18,20,22,0
18,20,23,0
18,20,24,0
20,21,1,0
20,21,2,0
20,21,3,0
20,21,4,0
20,21,5,0
20,21,6,0
20,21,7,0
20,21,8,0
20,21,9,0
20,21,10,0
20,21,11,0
20,21,12,0
20,21,13,0
20,21,14,0
20,21,15,0
20,21,16,0
20,21,17,0
20,21,18,0
20,21,19,0
20,21,20,0
20,21,21,0
20,21,22,0
20,21,23,0
20,21,24,0
20,22,1,0
20,22,2,0
20,22,3,0
20,22,4,0
20,22,5,0
20,22,6,0
20,22,7,0
20,22,8,0
20,22,9,0
20,22,10,0
20,22,11,0
20,22,12,0
20,22,13,0
20,22,14,0
20,22,15,0
20,22,16,0
20,22,17,0
20,22,18,0
20,22,19,0
20,22,20,0
20,22,21,0
20,22,22,0
20,22,23,0
20,22,24,0
21,23,1,0
21,23,2,0
21,23,3,0
21,23,4,0
21,23,5,0
21,23,6,0
21,23,7,0
21,23,8,0
21,23,9,0
21,23,10,0
21,23,11,0
21,23,12,0
21,23,13,0
21,23,14,0
21,23,15,0
21,23,16,0
21,23,17,0
21,23,18,0
21,23,19,0
21,23,20,0
21,23,21,0
21,23,22,0
21,23,23,0
21,23,24,0
22,24,1,0
22,24,2,0
22,24,3,0
22,24,4,0
22,24,5,0
22,24,6,0
22,24,7,0
22,24,8,0
22,24,9,0
22,24,10,0
22,24,11,0
22,24,12,0
22,24,13,0
22,24,14,0
22,24,15,0
22,24,16,0
22,24,17,0
22,24,18,0
22,24,19,0
22,24,20,0
22,24,21,0
22,24,22,0
22,24,23,0
22,24,24,0
22,25,1,0
22,25,2,0
22,25,3,0
22,25,4,0
22,25,5,0
22,25,6,0
22,25,7,0
22,25,8,0
22,25,9,0
22,25,10,0
22,25,11,0
22,25,12,0
22,25,13,0
22,25,14,0
22,25,15,0
22,25,16,0
22,25,17,0
22,25,18,0
22,25,19,0
22,25,20,0
22,25,21,0
22,25,22,0
22,25,23,0
22,25,24,0
24,26,1,0
24,26,2,0
24,26,3,0
24,26,4,0
24,26,5,0
24,26,6,0
24,26,7,0
24,26,8,0
24,26,9,0
24,26,10,0
24,26,11,0
24,26,12,0
24,26,13,0
24,26,14,0
24,26,15,0
24,26,16,0
24,26,17,0
24,26,18,0
24,26,19,0
24,26,20,0
24,26,21,0
24,26,22,0
24,26,23,0
24,26,24,0
24,27,1,0
24,27,2,0
24,27,3,0
24,27,4,0
24,27,5,0
24,27,6,0
24,27,7,0
24,27,8,0
24,27,9,0
24,27,10,0
24,27,11,0
24,27,12,0
24,27,13,0
24,27,14,0
24,27,15,0
24,27,16,0
24,27,17,0
24,27,18,0
24,27,19,0
24,27,20,0
24,27,21,0
24,27,22,0
24,27,23,0
24,27,24,0
26,28,1,0
26,28,2,0
26,28,3,0
26,28,4,0
26,28,5,0
26,28,6,0
26,28,7,0
26,28,8,0
26,28,9,0
26,28,10,0
26,28,11,0
26,28,12,0
26,28,13,0
26,28,14,0
26,28,15,0
26,28,16,0
26,28,17,0
26,28,18,0
26,28,19,0
26,28,20,0
26,28,21,0
26,28,22,0
26,28,23,0
26,28,24,0
27,29,1,0
27,29,2,0
27,29,3,0
27,29,4,0
27,29,5,0
27,29,6,0
27,29,7,0
27,29,8,0
27,29,9,0
27,29,10,0
27,29,11,0
27,29,12,0
27,29,13,0
27,29,14,0
27,29,15,0
27,29,16,0
27,29,17,0
27,29,18,0
27,29,19,0
27,29,20,0
27,29,21,0
27,29,22,0
27,29,23,0
27,29,24,0
28,30,1,0
28,30,2,0
28,30,3,0
28,30,4,0
28,30,5,0
28,30,6,0
28,30,7,0
28,30,8,0
28,30,9,0
28,30,10,0
28,30,11,0
28,30,12,0
28,30,13,0
28,30,14,0
28,30,15,0
28,30,16,0
28,30,17,0
28,30,18,0
28,30,19,0
28,30,20,0
28,30,21,0
28,30,22,0
28,30,23,0
28,30,24,0
28,31,1,0
28,31,2,0
28,31,3,0
28,31,4,0
28,31,5,0
28,31,6,0
28,31,7,0
28,31,8,0
28,31,9,0
28,31,10,0
28,31,11,0
28,31,12,0
28,31,13,0
28,31,14,0
28,31,15,0
28,31,16,0
28,31,17,0
28,31,18,0
28,31,19,0
28,31,20,0
28,31,21,0
28,31,22,0
28,31,23,0
28,31,24,0
29,32,1,0
29,32,2,0
29,32,3,0
29,32,4,0
29,32,5,0
29,32,6,0
29,32,7,0
29,32,8,0
29,32,9,0
29,32,10,0
29,32,11,0
29,32,12,0
29,32,13,0
29,32,14,0
29,32,15,0
29,32,16,0
29,32,17,0
29,32,18,0
29,32,19,0
29,32,20,0
29,32,21,0
29,32,22,0
29,32,23,0
29,32,24,0
30,33,1,0
30,33,2,0
30,33,3,0
30,33,4,0
30,33,5,0
30,33,6,0
30,33,7,0
30,33,8,0
30,33,9,0
30,33,10,0
30,33,11,0
30,33,12,0
30,33,13,0
30,33,14,0
30,33,15,0
30,33,16,0
30,33,17,0
30,33,18,0
30,33,19,0
30,33,20,0
30,33,21,0
30,33,22,0
30,33,23,0
30,33,24,0
32,34,1,0
32,34,2,0
32,34,3,0
32,34,4,0
32,34,5,0
32,34,6,0
32,34,7,0
32,34,8,0
32,34,9,0
32,34,10,0
32,34,11,0
32,34,12,0
32,34,13,0
32,34,14,0
32,34,15,0
32,34,16,0
32,34,17,0
32,34,18,0
32,34,19,0
32,34,20,0
32,34,21,0
32,34,22,0
32,34,23,0
32,34,24,0
