index0,index1,index2,P.val
1,2,1,-0.2036965727342158
1,2,2,-0.1532920681401345
1,2,3,-0.2027345369804312
1,2,4,-0.2027554015872263
1,2,5,-0.1745424198776533
1,2,6,-0.207409671400528
1,2,7,-0.1889674820752968
1,2,8,-0.1851551451562511
1,2,9,-0.2101699015963795
1,2,10,-0.1841011778502459
1,2,11,-0.2093206901564179
1,2,12,-0.2088881016222382
1,2,13,-0.2085961848060214
1,2,14,-0.1806707822609057
1,2,15,-0.2085651382739096
1,2,16,-0.1893676912731044
1,2,17,-0.2095088002486184
1,2,18,-0.1845725836419357
1,2,19,-0.2110666979204598
1,2,20,-0.1894277351814079
1,2,21,-0.2120095622436251
1,2,22,-0.1720243539397894
1,2,23,-0.1585948840877335
1,2,24,-0.1768481606690412
2,3,1,-0.2047682832884668
2,3,2,-0.1542593828909736
2,3,3,-0.2037679122899359
2,3,4,-0.2038252807269729
2,3,5,-0.1756232814566848
2,3,6,-0.2087456993229582
2,3,7,-0.1905893041555569
2,3,8,-0.187205854732881
2,3,9,-0.212713728774281
2,3,10,-0.1870237127927861
2,3,11,-0.212626978176771
2,3,12,-0.2124850441478738
2,3,13,-0.2123747752447791
2,3,14,-0.1844971453773064
2,3,15,-0.2124530757465189
2,3,16,-0.1930667948523335
2,3,17,-0.2129614820686686
2,3,18,-0.1875689626570238
2,3,19,-0.2137573678388902
2,3,20,-0.191742104424301
2,3,21,-0.2140832445712513
2,3,22,-0.1737922235610363
2,3,23,-0.1601186477880075
2,3,24,-0.1781887954506042
3,4,1,-0.2083786127839847
3,4,2,-0.156854216659067
3,4,3,-0.2073591081601624
3,4,4,-0.207455000829755
3,4,5,-0.178800731673152
3,4,6,-0.212897251830487
3,4,7,-0.1947079815619596
3,4,8,-0.1916596178760625
3,4,9,-0.2181314094825627
3,4,10,-0.1921734685944632
3,4,11,-0.2185537548205768
3,4,12,-0.21852091253252
3,4,13,-0.218483370732997
3,4,14,-0.1900031773585469
3,4,15,-0.2184525801089712
3,4,16,-0.1984548315137122
3,4,17,-0.21848825497631
3,4,18,-0.1921730920149351
3,4,19,-0.2185932245118124
3,4,20,-0.1958023803095311
3,4,21,-0.2184100050306349
3,4,22,-0.1770797750511545
3,4,23,-0.163042459923592
3,4,24,-0.1813430068569395
4,5,1,-0.03590178716196312
4,5,2,-0.03590175870147304
4,5,3,-0.03590179305623488
4,5,4,-0.03598906654334322
4,5,5,-0.03598906028191245
4,5,6,-0.03642134090834898
4,5,7,-0.03542179854677875
4,5,8,-0.03498544231048983
4,5,9,-0.06214902848556891
4,5,10,-0.04763689622843226
4,5,11,-0.06209087358991042
4,5,12,-0.0620908704458805
4,5,13,-0.06209087070399235
4,5,14,-0.05155808834730586
4,5,15,-0.06214905577620614
4,5,16,-0.06031744391353441
4,5,17,-0.06238178256869469
4,5,18,-0.05329578742770238
4,5,19,-0.06258541978437884
4,5,20,-0.0553033160448405
4,5,21,-0.06264357743427182
4,5,22,-0.04080107366455195
4,5,23,-0.0355963297145512
4,5,24,-0.035727272541656
4,6,1,-0.1761029655585508
4,6,2,-0.1244001066451172
4,6,3,-0.1750068597299871
4,6,4,-0.1749424915462557
4,6,5,-0.1461455104338946
4,6,6,-0.1799363433769667
4,6,7,-0.1626791479966069
4,6,8,-0.1600937799162447
4,6,9,-0.1594407822243838
4,6,10,-0.1479874982977417
4,6,11,-0.1599990706097232
4,6,12,-0.1600028354947329
4,6,13,-0.1600381629743386
4,6,14,-0.1420590829889552
4,6,15,-0.1600220923886689
4,6,16,-0.1418609696345114
4,6,17,-0.1599336690023224
4,6,18,-0.1427116874313958
4,6,19,-0.1599437887815184
4,6,20,-0.1443753602437163
4,6,21,-0.1596611639447422
4,6,22,-0.1400660005646697
4,6,23,-0.1311323891991306
4,6,24,-0.1492876458761168
6,7,1,-0.1791453425299836
6,7,2,-0.1273939775350758
6,7,3,-0.1780117897566826
6,7,4,-0.1778745459567201
6,7,5,-0.1490487180544739
6,7,6,-0.182946671094742
6,7,7,-0.165853202417052
6,7,8,-0.1634835854184218
6,7,9,-0.1630486433801777
6,7,10,-0.1516568555133572
6,7,11,-0.1636808947199752
6,7,12,-0.1636847181028381
6,7,13,-0.1637564847909421
6,7,14,-0.1457595775137007
6,7,15,-0.1637040561703994
6,7,16,-0.1454521073203019
6,7,17,-0.1634335156261975
6,7,18,-0.1460851784461055
6,7,19,-0.1632979602785643
6,7,20,-0.1476775128299928
6,7,21,-0.162941422212471
6,7,22,-0.1433277738287522
6,7,23,-0.1343501776682663
6,7,24,-0.1524121575433563
7,8,1,-0.1807517333257883
7,8,2,-0.1286163065654159
7,8,3,-0.1795729514742673
7,8,4,-0.1794712097724766
7,8,5,-0.1504902915758554
7,8,6,-0.1848439300559976
7,8,7,-0.1679369130354399
7,8,8,-0.1659876678455085
7,8,9,-0.1659908848971738
7,8,10,-0.1549493274036158
7,8,11,-0.1674017039258041
7,8,12,-0.1676990291270182
7,8,13,-0.1679545806955851
7,8,14,-0.1499254528684589
7,8,15,-0.1680120749149916
7,8,16,-0.1494693564160993
7,8,17,-0.1672995682316814
7,8,18,-0.1494111155423275
7,8,19,-0.1663930266450691
7,8,20,-0.1503189106148649
7,8,21,-0.1654047972032027
7,8,22,-0.1454246346052309
7,8,23,-0.1361668056555161
7,8,24,-0.1541347935923026
8,9,1,-0.1825283444076916
8,9,2,-0.1303775058895905
8,9,3,-0.1812764554876673
8,9,4,-0.181138303293636
8,9,5,-0.1521482559763745
8,9,6,-0.1865856199393287
8,9,7,-0.1698548378886604
8,9,8,-0.1681959520781441
8,9,9,-0.1684902214123405
8,9,10,-0.1576270865288534
8,9,11,-0.1701562440008811
8,9,12,-0.1704900483381029
8,9,13,-0.1707456799854664
8,9,14,-0.1527836412525444
8,9,15,-0.1709123318878126
8,9,16,-0.1524729120808133
8,9,17,-0.1704178474682028
8,9,18,-0.1525965262446084
8,9,19,-0.1695110077524096
8,9,20,-0.1532499598576615
8,9,21,-0.1680857598158907
8,9,22,-0.1478450176154154
8,9,23,-0.1383664463304405
8,9,24,-0.1561939388828272
9,10,1,-0.0692487822570959
9,10,2,-0.06925174218718981
9,10,3,-0.0694301912188628
9,10,4,-0.0696048315986839
9,10,5,-0.06954192935300893
9,10,6,-0.06916557347347087
9,10,7,-0.06840657698893648
9,10,8,-0.06753186011194794
9,10,9,-0.0667663233908682
9,10,10,-0.06616523605939807
9,10,11,-0.06700865113235208
9,10,12,-0.06655826417460477
9,10,13,-0.06610038295935043
9,10,14,-0.065545748637623
9,10,15,-0.06542287795600416
9,10,16,-0.06532588955037516
9,10,17,-0.06550620486642
9,10,18,-0.06503381603228459
9,10,19,-0.06627218926310921
9,10,20,-0.06591176150997599
9,10,21,-0.06721775493298737
9,10,22,-0.06711571922996491
9,10,23,-0.06768227672309683
9,10,24,-0.06828352685723196
9,11,1,-0.1060452839544513
9,11,2,-0.07355126543600415
9,11,3,-0.1093379122578424
9,11,4,-0.1094508386990481
9,11,5,-0.0951194111413263
9,11,6,-0.1112152074521093
9,11,7,-0.1107116803029907
9,11,8,-0.1066531410646965
9,11,9,-0.1014702603487991
9,11,10,-0.09897974996984822
9,11,11,-0.09612304749273347
9,11,12,-0.09694600438508272
9,11,13,-0.09766551911518327
9,11,14,-0.1003331591854657
9,11,15,-0.09861097025339115
9,11,16,-0.1003619595363534
9,11,17,-0.0982138566019641
9,11,18,-0.1009398061838285
9,11,19,-0.09652458585087285
9,11,20,-0.101372121583446
9,11,21,-0.09374265462657753
9,11,22,-0.09410123757636744
9,11,23,-0.0837000584885582
9,11,24,-0.1009453163316503
10,12,1,-0.07069054547486839
10,12,2,-0.07069215907775069
10,12,3,-0.07069032495936949
10,12,4,-0.07071961587579395
10,12,5,-0.07054644382431477
10,12,6,-0.07009619016279693
10,12,7,-0.06933436300701384
10,12,8,-0.06849281711650797
10,12,9,-0.06779712796807731
10,12,10,-0.06737654575386004
10,12,11,-0.0684779093554487
10,12,12,-0.06839091011901575
10,12,13,-0.06833288573964483
10,12,14,-0.06821474272184039
10,12,15,-0.0684924136196412
10,12,16,-0.06872402758138581
10,12,17,-0.06915997834856107
10,12,18,-0.06879587237012147
10,12,19,-0.06996514450148618
10,12,20,-0.069421525731504
10,12,21,-0.07043977485478195
10,12,22,-0.06997260656340032
10,12,23,-0.07017602241692038
10,12,24,-0.07041496163302326
11,13,1,-0.1099252797514626
11,13,2,-0.07728894441549908
11,13,3,-0.1131621804495353
11,13,4,-0.1132757026752518
11,13,5,-0.0989095068839627
11,13,6,-0.1154149281051107
11,13,7,-0.1154934683880564
11,13,8,-0.1121443990363618
11,13,9,-0.1075584606478399
11,13,10,-0.1055649840810182
11,13,11,-0.1030665118156737
11,13,12,-0.1041856603412562
11,13,13,-0.1050910811828462
11,13,14,-0.1078753620629311
11,13,15,-0.1060776691758388
11,13,16,-0.1076119099445367
11,13,17,-0.1050209055615296
11,13,18,-0.1072424005701469
11,13,19,-0.1023373858455359
11,13,20,-0.1068362861909107
11,13,21,-0.09888012886784453
11,13,22,-0.09898227651152093
11,13,23,-0.08824370696268277
11,13,24,-0.1052744362518308
11,14,1,0.000836372
11,14,2,0.000836372
11,14,3,0.0008000080000000001
11,14,4,0.000836372
11,14,5,0.0009091
11,14,6,0.00109092
11,14,7,0.001418196
11,14,8,0.001854564
11,14,9,0.002290932
11,14,10,0.0027273
11,14,11,0.003054576
11,14,12,0.003345488
11,14,13,0.003527308
11,14,14,0.0036364
11,14,15,0.0036364
11,14,16,0.003490944
11,14,17,0.003200032
11,14,18,0.002800028
11,14,19,0.002436388
11,14,20,0.002109112
11,14,21,0.0018182
11,14,22,0.001600016
11,14,23,0.001381832
11,14,24,0.001163648
12,15,1,-0.07342907528327941
12,15,2,-0.07342907518959041
12,15,3,-0.07342907543681568
12,15,4,-0.07338543843220376
12,15,5,-0.07321089146379117
12,15,6,-0.07290543331809624
12,15,7,-0.07246906612180676
12,15,8,-0.07198906068025113
12,15,9,-0.071509177700411
12,15,10,-0.07116011086047073
12,15,11,-0.07226541977790635
12,15,12,-0.07217814370308877
12,15,13,-0.07211996272334763
12,15,14,-0.07200196359713383
12,15,15,-0.07220723718441667
12,15,16,-0.07229429152401178
12,15,17,-0.07258542174598435
12,15,18,-0.07207429029426064
12,15,19,-0.07313815390857967
12,15,20,-0.0725564365195784
12,15,21,-0.07354175657404126
12,15,22,-0.07303634436688915
12,15,23,-0.07316725446566341
12,15,24,-0.07329816504403422
13,16,1,-0.1132639630926455
13,16,2,-0.08059491892245901
13,16,3,-0.1164319398388348
13,16,4,-0.1164727841045626
13,16,5,-0.1020539248667407
13,16,6,-0.1185781559450585
13,16,7,-0.1186567627249607
13,16,8,-0.1153400355539478
13,16,9,-0.1107854954503549
13,16,10,-0.1088258106824658
13,16,11,-0.1063621895120753
13,16,12,-0.1075189464514119
13,16,13,-0.1084981121270387
13,16,14,-0.1113208376633024
13,16,15,-0.10955859854718
13,16,16,-0.1111662934776891
13,16,17,-0.1086098756950538
13,16,18,-0.1109055779312327
13,16,19,-0.1060326986914909
13,16,20,-0.1105354005770614
13,16,21,-0.1025344377146319
13,16,22,-0.10259992801568
13,16,23,-0.09177784808835192
13,16,24,-0.1087533449397742
16,17,1,-0.116691207623936
16,17,2,-0.08394733944189518
16,17,3,-0.1197949250363894
16,17,4,-0.1197629555528894
16,17,5,-0.1052705512064134
16,17,6,-0.1218375646529382
16,17,7,-0.1219163514942219
16,17,8,-0.1186269572543011
16,17,9,-0.1140972637745427
16,17,10,-0.1121685065844975
16,17,11,-0.1097372309986388
16,17,12,-0.1109332861395531
16,17,13,-0.1119876951921473
16,17,14,-0.1148522954765339
16,17,15,-0.1131237627097905
16,17,16,-0.1148067016317581
16,17,17,-0.1122819845285923
16,17,18,-0.1146546799981171
16,17,19,-0.1098078282930405
16,17,20,-0.1143199722566155
16,17,21,-0.1062628513351606
16,17,22,-0.1062915961912084
16,17,23,-0.09537188897130366
16,17,24,-0.1123145338736304
17,18,1,-0.06446894489439764
17,18,2,-0.03165044617122338
17,18,3,-0.06753876954667273
17,18,4,-0.06747734265319873
17,18,5,-0.0530307473554117
17,18,6,-0.06163709007644663
17,18,7,-0.05854479183150153
17,18,8,-0.05441090875130979
17,18,9,-0.05061474100854191
17,18,10,-0.04927361898955666
17,18,11,-0.04601865981757564
17,18,12,-0.04744960349935989
17,18,13,-0.04865124752900726
17,18,14,-0.05173652673835986
17,18,15,-0.04980416851654831
17,18,16,-0.05145859080595371
17,18,17,-0.0483204472911615
17,18,18,-0.0513401220655275
17,18,19,-0.044976347335613
17,18,20,-0.05003364405952785
17,18,21,-0.04157727594136994
17,18,22,-0.0413052586260018
17,18,23,-0.04400426107413785
17,18,24,-0.04663590838397545
17,19,1,-0.05499635451757436
17,19,2,-0.05499635423550712
17,19,3,-0.05504000329364709
17,19,4,-0.05499636705615156
17,19,5,-0.05490908153235367
17,19,6,-0.06306858814628832
17,19,7,-0.06657221661970025
17,19,8,-0.06777448067450595
17,19,9,-0.06725089252827315
17,19,10,-0.06672748856743914
17,19,11,-0.0675563349666156
17,19,12,-0.06732358749192886
17,19,13,-0.0671781331461405
17,19,14,-0.06695527176041659
17,19,15,-0.0670908614213642
17,19,16,-0.06696883736582435
17,19,17,-0.06743995498270026
17,19,18,-0.06664263646553874
17,19,19,-0.0680508642493761
17,19,20,-0.06746918654560924
17,19,21,-0.0678183026012708
17,19,22,-0.06807997823398755
17,19,23,-0.05434180592591863
17,19,24,-0.06860361350942581
18,20,1,-0.06741941467875018
18,20,2,-0.0345972383888757
18,20,3,-0.0704533370563566
18,20,4,-0.07031916194992831
18,20,5,-0.05587056086628472
18,20,6,-0.06455078537866363
18,20,7,-0.06163989923102196
18,20,8,-0.05772368618479797
18,20,9,-0.05414538046277758
18,20,10,-0.05287671924896445
18,20,11,-0.04962175115163722
18,20,12,-0.05105284915524153
18,20,13,-0.05229098049787619
18,20,14,-0.05537628642215847
18,20,15,-0.05340766577363895
18,20,16,-0.05498921240078508
18,20,17,-0.05174194030890637
18,20,18,-0.05465251946450068
18,20,19,-0.04825202401834376
18,20,20,-0.05327315127170326
18,20,21,-0.0447796239416015
18,20,22,-0.04450746050428331
18,20,23,-0.04717036505881435
18,20,24,-0.04969319084324309
20,21,1,0.004509156696768109
20,21,2,0.004509156619124832
20,21,3,0.004400064167973582
20,21,4,0.004327335633445793
20,21,5,0.00429097109855512
20,21,6,0.00450915708807631
20,21,7,0.004945529299152549
20,21,8,0.005527358332965696
20,21,9,0.006000093690827834
20,21,10,0.006254643105932605
20,21,11,0.006363735772654093
20,21,12,0.006400099756998516
20,21,13,0.006400099798942939
20,21,14,0.006472827812889735
20,21,15,0.006436462372899359
20,21,16,0.006472825027917377
20,21,17,0.006436458286087824
20,21,18,0.006400092383359174
20,21,19,0.006218270472041207
20,21,20,0.006000085865233531
20,21,21,0.005745537867688156
20,21,22,0.005454625093496035
20,21,23,0.00516371191860473
20,21,24,0.004945526914236367
20,22,1,-0.07379030396896433
20,22,2,-0.04088790655634523
20,22,3,-0.07665162044597829
20,22,4,-0.0764075482227553
20,22,5,-0.06187983048800463
20,22,6,-0.07087640424648252
20,22,7,-0.06857698115664235
20,22,8,-0.06552494591141386
20,22,9,-0.06270350545067406
20,22,10,-0.06186833235265708
20,22,11,-0.05879115220087099
20,22,12,-0.06029873215011667
20,22,13,-0.06153983664933585
20,22,14,-0.06477583235244483
20,22,15,-0.06280527700457539
20,22,16,-0.0645335077710962
20,22,17,-0.06135394517960672
20,22,18,-0.06430525904562126
20,22,19,-0.05763675576434683
20,22,20,-0.06226569759439388
20,22,21,-0.05324160468803966
20,22,22,-0.05242130079820177
20,22,23,-0.05458000228565029
20,22,24,-0.05674417923972429
21,23,1,0.002763664
21,23,2,0.002763664
21,23,3,0.0027273
21,23,4,0.002690936
21,23,5,0.002654572
21,23,6,0.002800028
21,23,7,0.003054576
21,23,8,0.003345488
21,23,9,0.003527308
21,23,10,0.003600036
21,23,11,0.0036364
21,23,12,0.0036364
21,23,13,0.0036364
21,23,14,0.0036364
21,23,15,0.003563672
21,23,16,0.003490944
21,23,17,0.003345488
21,23,18,0.003236396
21,23,19,0.003127304
21,23,20,0.00309094
21,23,21,0.00309094
21,23,22,0.003054576
21,23,23,0.002981848
21,23,24,0.00290912
22,24,1,-0.06851339269077888
22,24,2,-0.05560743103511839
22,24,3,-0.07565155679231168
22,24,4,-0.07608014421295918
22,24,5,-0.07594340070183409
22,24,6,-0.07485955290924437
22,24,7,-0.07255949518453772
22,24,8,-0.06958288856602982
22,24,9,-0.06687698607414837
22,24,10,-0.0662495296654723
22,24,11,-0.06354320049104992
22,24,12,-0.06396391849498215
22,24,13,-0.06297918396458595
22,24,14,-0.06284958986151092
22,24,15,-0.06247762081703191
22,24,16,-0.06291304784783976
22,24,17,-0.06366023228167102
22,24,18,-0.06485694465318748
22,24,19,-0.06529473073950076
22,24,20,-0.06757766899263289
22,24,21,-0.06912251173799956
22,24,22,-0.06899547436613243
22,24,23,-0.07068196027513811
22,24,24,-0.07237390462935493
22,25,1,0.00327276
22,25,2,0.00327276
22,25,3,0.003200032
22,25,4,0.003127304
22,25,5,0.00309094
22,25,6,0.00309094
22,25,7,0.00309094
22,25,8,0.003127304
22,25,9,0.003163668
22,25,10,0.003200032
22,25,11,0.003236396
22,25,12,0.00327276
22,25,13,0.003345488
22,25,14,0.003381852
22,25,15,0.003418216
22,25,16,0.003490944
22,25,17,0.003527308
22,25,18,0.003600036
22,25,19,0.0036364
22,25,20,0.0036364
22,25,21,0.003600036
22,25,22,0.003563672
22,25,23,0.003490944
22,25,24,0.003418216
24,26,1,0.009720277692626997
24,26,2,0.009720277551043068
24,26,3,0.009462083081388895
24,26,4,0.009356620950831136
24,26,5,0.009473008310888337
24,26,6,0.01000030831931464
24,26,7,0.0110512813060268
24,26,8,0.01251320219754733
24,26,9,0.01397513305107872
24,26,10,0.01518035391692811
24,26,11,0.01597629937276788
24,26,12,0.0159939842892821
24,26,13,0.01644839838906842
24,26,14,0.016764660186888
24,26,15,0.01680106734838146
24,26,16,0.01663373347999408
24,26,17,0.0161176262263455
24,26,18,0.01539365474689168
24,26,19,0.01494807264474255
24,26,20,0.01403131613627848
24,26,21,0.01327311625573888
24,26,22,0.01252411191635679
24,26,23,0.01173859941240838
24,26,24,0.01095309523900492
24,27,1,-0.0262142161690764
24,27,2,-0.01330259238850832
24,27,3,-0.03309851676694681
24,27,4,-0.03333809577993699
24,27,5,-0.03331781090411886
24,27,6,-0.03292866439993773
24,27,7,-0.03205621273107007
24,27,8,-0.03096033638504745
24,27,9,-0.02996815561001608
24,27,10,-0.02954081906331262
24,27,11,-0.02863150947325636
24,27,12,-0.02806873936991011
24,27,13,-0.02753873811833407
24,27,14,-0.0277253945007036
24,27,15,-0.02732829219052215
24,27,16,-0.02747219314914949
24,27,17,-0.02757954223858623
24,27,18,-0.02792746578459936
24,27,19,-0.02782674267833136
24,27,20,-0.02916131560729342
24,27,21,-0.02991692153591323
24,27,22,-0.02988134106040366
24,27,23,-0.03069844523211225
24,27,24,-0.0314792382826014
26,28,1,0.008800164315073543
26,28,2,0.008800164270504326
26,28,3,0.008581975344249617
26,28,4,0.008436516147971874
26,28,5,0.008472901748885226
26,28,6,0.008800192332691307
26,28,7,0.009491144259910825
26,28,8,0.01047303421588009
26,28,9,0.01145493767889316
26,28,10,0.01218229124400755
26,28,11,0.01261871668214471
26,28,12,0.01298240869360615
26,28,13,0.01327335400707108
26,28,14,0.0134915650848383
26,28,15,0.01352793230351755
26,28,16,0.01349155077350529
26,28,17,0.01323696102484778
26,28,18,0.01287326390665203
26,28,19,0.01243683777587402
26,28,20,0.01189131921515588
26,28,21,0.01127307659580981
26,28,22,0.0107639386729317
26,28,23,0.0102184437160702
26,28,24,0.009672956718934572
27,29,1,-0.02752638133485946
27,29,2,-0.01461258167485288
27,29,3,-0.03441238544473093
27,29,4,-0.03468840194463256
27,29,5,-0.0348136066641213
27,29,6,-0.03467897196106173
27,29,7,-0.03417002566907406
27,29,8,-0.03347397305524043
27,29,9,-0.03288164670289985
27,29,10,-0.03274518830798465
27,29,11,-0.03205389331428651
27,29,12,-0.03160010649338221
27,29,13,-0.03114272596440616
27,29,14,-0.03132942589785342
27,29,15,-0.03082311391872578
27,29,16,-0.03078518635534931
27,29,17,-0.03060158133474384
27,29,18,-0.03058586143206362
27,29,19,-0.03015776592453411
27,29,20,-0.03120166486908741
27,29,21,-0.03173921353607536
27,29,22,-0.03152176123784577
27,29,23,-0.03222994332996162
27,29,24,-0.03290181004719232
28,30,1,0.004690997654897267
28,30,2,0.004690997655064156
28,30,3,0.004581902256994664
28,30,4,0.004472808612182674
28,30,5,0.004472808612860038
28,30,6,0.004618267939377634
28,30,7,0.004981916889267965
28,30,8,0.0054910293473522
28,30,9,0.006000143953103664
28,30,10,0.006254704357968431
28,30,11,0.006327438117699656
28,30,12,0.006363804852328268
28,30,13,0.006400168828857075
28,30,14,0.006472902027511318
28,30,15,0.006472905264377679
28,30,16,0.006509278048251238
28,30,17,0.006509287102611883
28,30,18,0.00647292934687827
28,30,19,0.006363831100361652
28,30,20,0.006145632149101734
28,30,21,0.005854700705887729
28,30,22,0.005600134755976876
28,30,23,0.005345573087394989
28,30,24,0.00509101669630104
28,31,1,0.000836372
28,31,2,0.000836372
28,31,3,0.0008000080000000001
28,31,4,0.000836372
28,31,5,0.0009091
28,31,6,0.00109092
28,31,7,0.001418196
28,31,8,0.001854564
28,31,9,0.002290932
28,31,10,0.0027273
28,31,11,0.003054576
28,31,12,0.003345488
28,31,13,0.003527308
28,31,14,0.0036364
28,31,15,0.0036364
28,31,16,0.003490944
28,31,17,0.003200032
28,31,18,0.002800028
28,31,19,0.002436388
28,31,20,0.002109112
28,31,21,0.0018182
28,31,22,0.001600016
28,31,23,0.001381832
28,31,24,0.001163648
29,32,1,-0.03011846558280756
29,32,2,-0.01719778243019936
29,32,3,-0.0370096754023016
29,32,4,-0.03721313096851441
29,32,5,-0.03733843917537661
29,32,6,-0.03734926938329941
29,32,7,-0.03716744924664472
29,32,8,-0.03683476461012198
29,32,9,-0.03646031990063187
29,32,10,-0.03639653869157395
29,32,11,-0.03570469613158655
29,32,12,-0.03525055726758784
29,32,13,-0.03479282756631763
29,32,14,-0.03497966955387476
29,32,15,-0.03440019238232849
29,32,16,-0.03421667299031449
29,32,17,-0.03388736926006204
29,32,18,-0.03372607618113212
29,32,19,-0.03318850188382786
29,32,20,-0.03419676858688109
29,32,21,-0.03469832744623919
29,32,22,-0.03444432033217783
29,32,23,-0.03508025538177889
29,32,24,-0.0356434644667105
30,33,1,0.001745472
30,33,2,0.001745472
30,33,3,0.001672744
30,33,4,0.00163638
30,33,5,0.00163638
30,33,6,0.001709108
30,33,7,0.001890928
30,33,8,0.00218184
30,33,9,0.002472752
30,33,10,0.002654572
30,33,11,0.0027273
30,33,12,0.002763664
30,33,13,0.002763664
30,33,14,0.002836392000000001
30,33,15,0.002872756
30,33,16,0.002981848
30,33,17,0.00309094
30,33,18,0.003163668
30,33,19,0.00309094
30,33,20,0.00290912
30,33,21,0.002654572
30,33,22,0.002400024
30,33,23,0.00218184
30,33,24,0.002036384
32,34,1,-0.03187832478904544
32,34,2,-0.01894834279642386
32,34,3,-0.0387036208389798
32,34,4,-0.03887089475125639
32,34,5,-0.03899634027150203
32,34,6,-0.03907999028745887
32,34,7,-0.03907999029972601
32,34,8,-0.03903817149490572
32,34,9,-0.03895454708238385
32,34,10,-0.03907271580341857
32,34,11,-0.03845292623247894
32,34,12,-0.03803470391914095
32,34,13,-0.03757649055233776
32,34,14,-0.03783633423389837
32,34,15,-0.03729265131084511
32,34,16,-0.0372181472985107
32,34,17,-0.03699770779596382
32,34,18,-0.0369090521877451
32,34,19,-0.03629813069461715
32,34,20,-0.03712541884936195
32,34,21,-0.03737268586366686
32,34,22,-0.03686360544096953
32,34,23,-0.03728178759580631
32,34,24,-0.03769997690558453
